par,Média
"('ackermann', 'double')",13.127639995264545
"('ackermann', 'fibonacci')",10.46058490012164
"('ackermann', 'float')",12.002388461225157
"('ackermann', 'int64')",10.893292444684883
"('ackermann', 'int64double')",12.748672541093095
"('ackermann', 'int64float')",13.459252396358787
"('ackermann', 'jmp')",11.655562111701773
"('ackermann', 'prod')",14.260080801769988
"('ackermann', 'queens')",13.082658419646787
"('ackermann', 'rand')",9.921396205957688
"('double', 'fibonacci')",10.916238627480613
"('double', 'float')",12.403474678847484
"('double', 'int64')",11.36500041228629
"('double', 'int64double')",13.209778996459107
"('double', 'int64float')",13.876305502376667
"('double', 'jmp')",12.150719711386477
"('double', 'prod')",14.905078170804748
"('double', 'queens')",13.431563245833246
"('double', 'rand')",10.499343797696168
"('fibonacci', 'float')",9.555275662695776
"('fibonacci', 'int64')",8.489086123047676
"('fibonacci', 'int64double')",10.397850775763345
"('fibonacci', 'int64float')",10.965342736824917
"('fibonacci', 'jmp')",9.255462273552078
"('fibonacci', 'prod')",11.982368116455282
"('fibonacci', 'queens')",10.69845564808774
"('fibonacci', 'rand')",7.502442042846491
"('float', 'int64')",10.160085169676517
"('float', 'int64double')",11.999430314235564
"('float', 'int64float')",12.70456259628755
"('float', 'jmp')",10.905070180846838
"('float', 'prod')",13.466227758792362
"('float', 'queens')",12.340219419139332
"('float', 'rand')",9.063034215876293
"('int64', 'int64double')",10.913167697519686
"('int64', 'int64float')",11.638152503925003
"('int64', 'jmp')",9.806542530040304
"('int64', 'prod')",12.584604935157751
"('int64', 'queens')",11.21736006011201
"('int64', 'rand')",7.997087688555018
"('int64double', 'int64float')",13.378914674932423
"('int64double', 'jmp')",11.682417287004258
"('int64double', 'prod')",14.387474584087466
"('int64double', 'queens')",13.013417456574924
"('int64double', 'rand')",9.962462299676826
"('int64float', 'jmp')",12.374727892152565
"('int64float', 'prod')",14.94324359685047
"('int64float', 'queens')",13.618244327361944
"('int64float', 'rand')",10.602824117093883
"('jmp', 'prod')",13.172221386241905
"('jmp', 'queens')",12.009483218321702
"('jmp', 'rand')",8.851717153754848
"('prod', 'queens')",14.64331892583169
"('prod', 'rand')",11.64652856612616
"('queens', 'rand')",10.37971291123274
