cenario,P1,P2,A_P1,A_P2,A_S,baseline_P1,baseline_P2
min,ackermann,double,14.277816653173971,15.053403404187105,14.662539995264549,7.137413899347107,7.525126095917443
min,ackermann,fibonacci,14.277816653173971,9.44755783464853,11.99548490012164,7.218825319607112,4.776659580514529
min,ackermann,float,14.277816653173971,12.675427576952108,13.537288461225156,7.171044827860272,6.366243633364882
min,ackermann,int64,14.277816653173971,10.551634080067377,12.428192444684884,7.146652375117118,5.2815400695677654
min,ackermann,int64double,14.277816653173971,14.299779711524971,14.283572541093092,7.136297514018929,7.147275027074165
min,ackermann,int64float,14.277816653173971,15.709506985405678,14.994152396358787,7.139141904265651,7.855010492093135
min,ackermann,jmp,14.277816653173971,12.099053592940328,13.190462111701772,7.140005536830503,6.0504565748712675
min,ackermann,prod,14.277816653173971,17.45597133236391,15.79498080176999,7.106552802043378,8.688427999726612
min,ackermann,queens,14.277816653173971,14.99603257976604,14.617558419646787,7.129462797052727,7.488095622594062
min,ackermann,rand,14.277816653173971,8.526673944622157,11.456296205957688,7.172749421946056,4.283546784011632
min,double,fibonacci,15.053403404187105,9.44755783464853,12.451138627480614,7.64998608723278,4.801152540247833
min,double,float,15.053403404187105,12.675427576952108,13.938374678847484,7.566852601255165,6.37152207759232
min,double,int64,15.053403404187105,10.551634080067377,12.899900412286293,7.583953153726035,5.315947258560257
min,double,int64double,15.053403404187105,14.299779711524971,14.744678996459106,7.561619471522829,7.183059524936275
min,double,int64float,15.053403404187105,15.709506985405678,15.411205502376664,7.5412596023615315,7.869945900015131
min,double,jmp,15.053403404187105,12.099053592940328,13.68561971138648,7.587348517800454,6.098271193586027
min,double,prod,15.053403404187105,17.45597133236391,16.439978170804746,7.6125002515938665,8.827477919210882
min,double,queens,15.053403404187105,14.99603257976604,14.966463245833248,7.497518718613521,7.468944527219727
min,double,rand,15.053403404187105,8.526673944622157,12.034243797696169,7.6826010310014965,4.351642766694673
min,fibonacci,float,9.44755783464853,12.675427576952108,11.090175662695776,4.736027892274836,6.354147770420939
min,fibonacci,int64,9.44755783464853,10.551634080067377,10.023986123047676,4.73530075790327,5.288685365144405
min,fibonacci,int64double,9.44755783464853,14.299779711524971,11.932750775763346,4.74728389493233,7.185466880831015
min,fibonacci,int64float,9.44755783464853,15.709506985405678,12.500242736824918,4.694377784055181,7.805864952769736
min,fibonacci,jmp,9.44755783464853,12.099053592940328,10.79036227355208,4.731257719051957,6.059104554500124
min,fibonacci,prod,9.44755783464853,17.45597133236391,13.517268116455284,4.746781416813027,8.770486699642257
min,fibonacci,queens,9.44755783464853,14.99603257976604,12.23335564808774,4.728247079814327,7.505108568273412
min,fibonacci,rand,9.44755783464853,8.526673944622157,9.037342042846491,4.750178626257666,4.287163416588825
min,float,int64,12.675427576952108,10.551634080067377,11.69498516967652,6.3821648954448875,5.312820274231634
min,float,int64double,12.675427576952108,14.299779711524971,13.534330314235564,6.359670265589482,7.174660048646083
min,float,int64float,12.675427576952108,15.709506985405678,14.239462596287552,6.358699770029305,7.880762826258249
min,float,jmp,12.675427576952108,12.099053592940328,12.43997018084684,6.36469195885294,6.0752782219939006
min,float,prod,12.675427576952108,17.45597133236391,15.001127758792364,6.310550301744845,8.690577457047517
min,float,queens,12.675427576952108,14.99603257976604,13.875119419139333,6.355756809463613,7.519362609675721
min,float,rand,12.675427576952108,8.526673944622157,10.597934215876291,6.335850598675388,4.262083617200904
min,int64,int64double,10.551634080067377,14.299779711524971,12.448067697519686,5.285311187912038,7.162756509607648
min,int64,int64float,10.551634080067377,15.709506985405678,13.173052503925,5.2928861465840535,7.880166357340946
min,int64,jmp,10.551634080067377,12.099053592940328,11.341442530040306,5.283316482250017,6.05812604779029
min,int64,prod,10.551634080067377,17.45597133236391,14.11950493515775,5.319406899433215,8.800098035724535
min,int64,queens,10.551634080067377,14.99603257976604,12.752260060112013,5.266906901510251,7.485353158601761
min,int64,rand,10.551634080067377,8.526673944622157,9.531987688555017,5.271853563491069,4.2601341250639475
min,int64double,int64float,14.299779711524971,15.709506985405678,14.91381467493242,7.1066089195600455,7.807205755372373
min,int64double,jmp,14.299779711524971,12.099053592940328,13.217317287004258,7.159586312078499,6.057730974925759
min,int64double,prod,14.299779711524971,17.45597133236391,15.922374584087468,7.1699280146816475,8.752446569405821
min,int64double,queens,14.299779711524971,14.99603257976604,14.548317456574924,7.101278938225572,7.447038518349353
min,int64double,rand,14.299779711524971,8.526673944622157,11.497362299676828,7.202597066789457,4.294765232887371
min,int64float,jmp,15.709506985405678,12.099053592940328,13.909627892152566,7.857774440375623,6.051853451776943
min,int64float,prod,15.709506985405678,17.45597133236391,16.47814359685047,7.805209665935829,8.672933930914642
min,int64float,queens,15.709506985405678,14.99603257976604,15.153144327361948,7.752621514964792,7.4005228123971545
min,int64float,rand,15.709506985405678,8.526673944622157,12.137724117093883,7.867479713694081,4.270244403399803
min,jmp,prod,12.099053592940328,17.45597133236391,14.707121386241903,6.020710532294972,8.686410853946931
min,jmp,queens,12.099053592940328,14.99603257976604,13.544383218321704,6.048115787388451,7.496267430933254
min,jmp,rand,12.099053592940328,8.526673944622157,10.38661715375485,6.092790538601506,4.2938266151533435
min,prod,queens,17.45597133236391,14.99603257976604,16.17821892583169,8.702283117637212,7.475935808194478
min,prod,rand,17.45597133236391,8.526673944622157,13.181428566126158,8.855704902907076,4.3257236632190805
min,queens,rand,14.99603257976604,8.526673944622157,11.91461291123274,7.595721317481105,4.318891593751636
