par,metodo,frac_ce,frac_baseline,erro_abs,cenario
"('ackermann', 'double')",ackermann,0.4962912686199928,0.48677881878939283,0.009512449830599956,min
"('ackermann', 'double')",double,0.5033061666729947,0.5132211812106072,0.009915014537612565,min
"('ackermann', 'fibonacci')",ackermann,0.49434743504620104,0.6017952070894532,0.10744777204325218,min
"('ackermann', 'fibonacci')",fibonacci,0.4965977518028549,0.39820479291054683,0.09839295889230809,min
"('ackermann', 'float')",ackermann,0.5002929812779573,0.5297253470220635,0.029432365744106237,min
"('ackermann', 'float')",float,0.48842254222847004,0.47027465297793636,0.018147889250533678,min
"('ackermann', 'int64')",ackermann,0.5007421365392664,0.5750355417270272,0.07429340518776084,min
"('ackermann', 'int64')",int64,0.4936521849129181,0.42496445827297274,0.06868772663994538,min
"('ackermann', 'int64double')",ackermann,0.49877045070333254,0.49961572943240734,0.0008452787290748054,min
"('ackermann', 'int64double')",int64double,0.4921237615227519,0.5003842705675928,0.008260509044840936,min
"('ackermann', 'int64float')",ackermann,0.4951237600402854,0.4761284076317202,0.018995352408565203,min
"('ackermann', 'int64float')",int64float,0.49284373747095905,0.5238715923682797,0.031027854897320684,min
"('ackermann', 'jmp')",ackermann,0.49299743901549176,0.5413006365028202,0.048303197487328475,min
"('ackermann', 'jmp')",jmp,0.4997614477772702,0.45869936349717977,0.04106208428009045,min
"('ackermann', 'prod')",ackermann,0.496733367061922,0.44992475085800776,0.046808616203914244,min
"('ackermann', 'prod')",prod,0.49455540828137745,0.5500752491419922,0.05551984086061479,min
"('ackermann', 'queens')",ackermann,0.4968475266016768,0.4877328068325244,0.009114719769152402,min
"('ackermann', 'queens')",queens,0.49413569031473104,0.5122671931674757,0.018131502852744674,min
"('ackermann', 'rand')",ackermann,0.49214227101907043,0.6260967151160047,0.1339544440969343,min
"('ackermann', 'rand')",rand,0.5032054149141869,0.37390328488399527,0.12930213003019164,min
"('double', 'fibonacci')",double,0.4984532384816658,0.6144005232058598,0.11594728472419402,min
"('double', 'fibonacci')",fibonacci,0.49607320760791346,0.3855994767941402,0.11047373081377326,min
"('double', 'float')",double,0.49888376899083986,0.5428791215333323,0.04399535254249243,min
"('double', 'float')",float,0.49602069496464607,0.4571208784666677,0.03889981649797836,min
"('double', 'int64')",double,0.5002030248029307,0.5879078838858962,0.08770485908296555,min
"('double', 'int64')",int64,0.49765456929021684,0.4120921161141037,0.08556245317611316,min
"('double', 'int64double')",double,0.4946039274218394,0.512837171520569,0.018233244098729562,min
"('double', 'int64double')",int64double,0.4925755949751716,0.48716282847943093,0.005412766495740684,min
"('double', 'int64float')",double,0.5002819266214332,0.48933612631396967,0.01094580030746356,min
"('double', 'int64float')",int64float,0.4939312969818371,0.5106638736860303,0.016732576704193203,min
"('double', 'jmp')",double,0.4926442029120583,0.5544029921778226,0.061758789265764336,min
"('double', 'jmp')",jmp,0.4947434412608147,0.4455970078221774,0.04914643343863728,min
"('double', 'prod')",double,0.49207403231756097,0.4630480753990703,0.029025956918490692,min
"('double', 'prod')",prod,0.4905321573451249,0.5369519246009298,0.04641976725580488,min
"('double', 'queens')",double,0.4920258348103338,0.5009546073419099,0.00892877253157609,min
"('double', 'queens')",queens,0.49869221564933164,0.4990453926580901,0.00035317700875847624,min
"('double', 'rand')",double,0.4913136952389614,0.6383949968233359,0.1470813015843745,min
"('double', 'rand')",rand,0.49767488593392784,0.3616050031766641,0.13606988275726373,min
"('fibonacci', 'float')",fibonacci,0.4963595937393274,0.42704714842394237,0.06931244531538505,min
"('fibonacci', 'float')",float,0.5031780241356333,0.5729528515760576,0.06977482744042429,min
"('fibonacci', 'int64')",fibonacci,0.5003413352523369,0.4723969785847586,0.02794435666757833,min
"('fibonacci', 'int64')",int64,0.49880181915740973,0.5276030214152413,0.02880120225783156,min
"('fibonacci', 'int64double')",fibonacci,0.49620521192629974,0.39783650762023426,0.09836870430606548,min
"('fibonacci', 'int64double')",int64double,0.4979475499134334,0.6021634923797657,0.10421594246633237,min
"('fibonacci', 'int64float')",fibonacci,0.5016776488870538,0.3755429300765371,0.1261347188105167,min
"('fibonacci', 'int64float')",int64float,0.4989544861603108,0.6244570699234628,0.12550258376315204,min
"('fibonacci', 'jmp')",fibonacci,0.49990504981891065,0.4384707018269993,0.06143434799191133,min
"('fibonacci', 'jmp')",jmp,0.497350893977522,0.5615292981730007,0.06417840419547866,min
"('fibonacci', 'prod')",fibonacci,0.49392436677245255,0.35116425715004645,0.1427601096224061,min
"('fibonacci', 'prod')",prod,0.49636482472860693,0.6488357428499536,0.15247091812134667,min
"('fibonacci', 'queens')",fibonacci,0.49901168614383207,0.38650450586331353,0.11250718028051854,min
"('fibonacci', 'queens')",queens,0.4964441839487606,0.6134954941366865,0.11705131018792586,min
"('fibonacci', 'rand')",fibonacci,0.4959776014016623,0.5256167802144515,0.029639178812789158,min
"('fibonacci', 'rand')",rand,0.49869489184985183,0.47438321978554854,0.02431167206430329,min
"('float', 'int64')",float,0.4908965871297897,0.5457180836785462,0.054821496548756565,min
"('float', 'int64')",int64,0.4975711037995234,0.4542819163214539,0.04328918747806948,min
"('float', 'int64double')",float,0.4960308115880283,0.46989175806506717,0.026139053522961142,min
"('float', 'int64double')",int64double,0.4945115409558711,0.5301082419349329,0.03559670097906181,min
"('float', 'int64float')",float,0.492812944529603,0.44655475773974196,0.046258186789861044,min
"('float', 'int64float')",int64float,0.4953892213706078,0.5534452422602582,0.05805602088965034,min
"('float', 'jmp')",float,0.4955645210942105,0.511632412805323,0.016067891711112503,min
"('float', 'jmp')",jmp,0.4934488973677678,0.48836758719467693,0.0050813101730908805,min
"('float', 'prod')",float,0.4901917644683749,0.42067172570049916,0.06952003876787577,min
"('float', 'prod')",prod,0.49712847466214316,0.5793282742995007,0.08219979963735757,min
"('float', 'queens')",float,0.49559012575278544,0.45806862034617774,0.0375215054066077,min
"('float', 'queens')",queens,0.4928316331987502,0.5419313796538223,0.049099746455072146,min
"('float', 'rand')",float,0.4991066073148278,0.5978382644783673,0.09873165716353949,min
"('float', 'rand')",rand,0.49766620190812977,0.4021617355216328,0.09550446638649696,min
"('int64', 'int64double')",int64,0.49353816604872314,0.4245888853066851,0.06894928074203804,min
"('int64', 'int64double')",int64double,0.49972452983031407,0.5754111146933149,0.07568658486300078,min
"('int64', 'int64float')",int64,0.49568076691990004,0.4017964814918184,0.09388428542808164,min
"('int64', 'int64float')",int64float,0.49399652476761885,0.5982035185081815,0.10420699374056269,min
"('int64', 'jmp')",int64,0.49285484046275735,0.4658416659305896,0.027013174532167727,min
"('int64', 'jmp')",jmp,0.494901677525706,0.5341583340694105,0.03925665654370447,min
"('int64', 'prod')",int64,0.49791834572071797,0.37674174299042335,0.12117660273029462,min
"('int64', 'prod')",prod,0.4864463305709737,0.6232582570095767,0.13681192643860302,min
"('int64', 'queens')",int64,0.49366091742668544,0.41301752604502545,0.08064339138165999,min
"('int64', 'queens')",queens,0.5011438680444256,0.5869824739549745,0.08583860591054893,min
"('int64', 'rand')",int64,0.49643934885995183,0.5530696991794212,0.056630350319469336,min
"('int64', 'rand')",rand,0.5030353393355683,0.44693030082057894,0.05610503851498938,min
"('int64double', 'int64float')",int64double,0.4974379286293186,0.47651181635675305,0.020926112272565578,min
"('int64double', 'int64float')",int64float,0.4915965807208411,0.5234881836432469,0.03189160292240578,min
"('int64double', 'jmp')",int64double,0.4989486713612299,0.5416822609772758,0.0427335896160459,min
"('int64double', 'jmp')",jmp,0.4927064851199199,0.4583177390227242,0.034388746097195666,min
"('int64double', 'prod')",int64double,0.48762019676814683,0.4503051964276198,0.03731500034052704,min
"('int64double', 'prod')",prod,0.49840678646919007,0.5496948035723803,0.05128801710319025,min
"('int64double', 'queens')",int64double,0.49543118719427803,0.48811685333524535,0.0073143338590326845,min
"('int64double', 'queens')",queens,0.49743832023174334,0.5118831466647547,0.014444826433011315,min
"('int64double', 'rand')",int64double,0.4952199422002819,0.626456475759828,0.13123653355954606,min
"('int64double', 'rand')",rand,0.4976277455549515,0.37354352424017195,0.12408422131477953,min
"('int64float', 'jmp')",int64float,0.4884260349975949,0.564916222152051,0.07649018715445605,min
"('int64float', 'jmp')",jmp,0.499024149790183,0.4350837778479491,0.0639403719422339,min
"('int64float', 'prod')",int64float,0.4948022305792572,0.47367044837670114,0.02113178220255607,min
"('int64float', 'prod')",prod,0.4926739526668287,0.526329551623299,0.0336555989564703,min
"('int64float', 'queens')",int64float,0.4970875561952816,0.5116180079513878,0.014530451756106177,min
"('int64float', 'queens')",queens,0.49928910999627585,0.48838199204861205,0.010907117947663802,min
"('int64float', 'rand')",int64float,0.49777055384895486,0.6481840942993669,0.150413540450412,min
"('int64float', 'rand')",rand,0.5001492949609466,0.3518159057006332,0.14833338926031342,min
"('jmp', 'prod')",jmp,0.49786120241564735,0.40937382470557265,0.0884873777100747,min
"('jmp', 'prod')",prod,0.4915791520497354,0.5906261752944273,0.09904702324469189,min
"('jmp', 'queens')",jmp,0.49117205006320475,0.4465405098112602,0.044631540251944546,min
"('jmp', 'queens')",queens,0.49760856140008447,0.5534594901887399,0.055850928788655385,min
"('jmp', 'rand')",jmp,0.49377570771097035,0.5866000882105211,0.09282438049955077,min
"('jmp', 'rand')",rand,0.5006347382248197,0.413399911789479,0.08723482643534075,min
"('prod', 'queens')",prod,0.49743492395980304,0.5379011841496542,0.04046626018985111,min
"('prod', 'queens')",queens,0.49531930107749644,0.46209881585034585,0.0332204852271506,min
"('prod', 'rand')",prod,0.4936056037367759,0.6718319534549242,0.17822634971814827,min
"('prod', 'rand')",rand,0.4956569638714381,0.3281680465450758,0.16748891732636229,min
"('queens', 'rand')",queens,0.49718157345343084,0.6375130584662205,0.1403314850127897,min
"('queens', 'rand')",rand,0.495102852830599,0.3624869415337794,0.1326159112968196,min
"('ackermann', 'double')",ackermann,0.4962912686199928,0.4852333432594454,0.011057925360547394,max
"('ackermann', 'double')",double,0.5033061666729947,0.5147666567405546,0.011460490067559892,max
"('ackermann', 'fibonacci')",ackermann,0.49434743504620104,0.6169238556248612,0.12257642057866014,max
"('ackermann', 'fibonacci')",fibonacci,0.4965977518028549,0.383076144375139,0.11352160742771594,max
"('ackermann', 'float')",ackermann,0.5002929812779573,0.5335460216872876,0.0332530404093303,max
"('ackermann', 'float')",float,0.48842254222847004,0.46645397831271235,0.02196856391575769,max
"('ackermann', 'int64')",ackermann,0.5007421365392664,0.5856213782745661,0.0848792417352997,max
"('ackermann', 'int64')",int64,0.4936521849129181,0.4143786217254338,0.0792735631874843,max
"('ackermann', 'int64double')",ackermann,0.49877045070333254,0.499569483423088,0.0007990327197554548,max
"('ackermann', 'int64double')",int64double,0.4921237615227519,0.5004305165769121,0.008306755054160175,max
"('ackermann', 'int64float')",ackermann,0.4951237600402854,0.47340597984690297,0.02171778019338244,max
"('ackermann', 'int64float')",int64float,0.49284373747095905,0.5265940201530971,0.03375028268213803,max
"('ackermann', 'jmp')",ackermann,0.49299743901549176,0.5467403890155796,0.053742950000087886,max
"('ackermann', 'jmp')",jmp,0.4997614477772702,0.4532596109844204,0.046501836792849804,max
"('ackermann', 'prod')",ackermann,0.496733367061922,0.4445618892808383,0.05217147778108372,max
"('ackermann', 'prod')",prod,0.49455540828137745,0.5554381107191616,0.06088270243778415,max
"('ackermann', 'queens')",ackermann,0.4968475266016768,0.48629570719762594,0.010551819404050866,max
"('ackermann', 'queens')",queens,0.49413569031473104,0.513704292802374,0.019568602487642917,max
"('ackermann', 'rand')",ackermann,0.49214227101907043,0.6457114992518321,0.1535692282327617,max
"('ackermann', 'rand')",rand,0.5032054149141869,0.3542885007481679,0.148916914166019,max
"('double', 'fibonacci')",double,0.4984532384816658,0.6307872566275169,0.1323340181458511,max
"('double', 'fibonacci')",fibonacci,0.49607320760791346,0.36921274337248305,0.1268604642354304,max
"('double', 'float')",double,0.49888376899083986,0.5482171385618078,0.0493333695709679,max
"('double', 'float')",float,0.49602069496464607,0.4517828614381923,0.044237833526453774,max
"('double', 'int64')",double,0.5002030248029307,0.599882890678768,0.09967986587583733,max
"('double', 'int64')",int64,0.49765456929021684,0.40011710932123207,0.09753745996898477,max
"('double', 'int64double')",double,0.4946039274218394,0.5143365047289444,0.019732577307105037,max
"('double', 'int64double')",int64double,0.4925755949751716,0.4856634952710555,0.006912099704116104,max
"('double', 'int64float')",double,0.5002819266214332,0.4881540287098783,0.012127897911554941,max
"('double', 'int64float')",int64float,0.4939312969818371,0.5118459712901218,0.017914674308284695,max
"('double', 'jmp')",double,0.4926442029120583,0.5613377047972566,0.06869350188519835,max
"('double', 'jmp')",jmp,0.4947434412608147,0.4386622952027434,0.056081146058071296,max
"('double', 'prod')",double,0.49207403231756097,0.45919492809123574,0.03287910422632523,max
"('double', 'prod')",prod,0.4905321573451249,0.5408050719087643,0.05027291456363936,max
"('double', 'queens')",double,0.4920258348103338,0.5010632245827036,0.009037389772369786,max
"('double', 'queens')",queens,0.49869221564933164,0.4989367754172965,0.0002445597679648359,max
"('double', 'rand')",double,0.4913136952389614,0.6591087567605189,0.16779506152155754,max
"('double', 'rand')",rand,0.49767488593392784,0.34089124323948106,0.15678364269444678,max
"('fibonacci', 'float')",fibonacci,0.4963595937393274,0.4152931734885056,0.08106642025082184,max
"('fibonacci', 'float')",float,0.5031780241356333,0.5847068265114943,0.08152880237586102,max
"('fibonacci', 'int64')",fibonacci,0.5003413352523369,0.4673917335312224,0.03294960172111455,max
"('fibonacci', 'int64')",int64,0.49880181915740973,0.5326082664687776,0.03380644731136784,max
"('fibonacci', 'int64double')",fibonacci,0.49620521192629974,0.38266925241844435,0.11353595950785539,max
"('fibonacci', 'int64double')",int64double,0.4979475499134334,0.6173307475815557,0.11938319766812233,max
"('fibonacci', 'int64float')",fibonacci,0.5016776488870538,0.3582452557667621,0.1434323931202917,max
"('fibonacci', 'int64float')",int64float,0.4989544861603108,0.6417547442332379,0.14280025807292707,max
"('fibonacci', 'jmp')",fibonacci,0.49990504981891065,0.4282480159338345,0.07165703388507616,max
"('fibonacci', 'jmp')",jmp,0.497350893977522,0.5717519840661656,0.07440109008864354,max
"('fibonacci', 'prod')",fibonacci,0.49392436677245255,0.3319941155327133,0.16193025123973925,max
"('fibonacci', 'prod')",prod,0.49636482472860693,0.6680058844672867,0.17164105973867977,max
"('fibonacci', 'queens')",fibonacci,0.49901168614383207,0.37020377206057936,0.1288079140832527,max
"('fibonacci', 'queens')",queens,0.4964441839487606,0.6297962279394206,0.13335204399065997,max
"('fibonacci', 'rand')",fibonacci,0.4959776014016623,0.5308929553190734,0.03491535391741113,max
"('fibonacci', 'rand')",rand,0.49869489184985183,0.46910704468092673,0.029587847168925097,max
"('float', 'int64')",float,0.4908965871297897,0.5526806054567722,0.06178401832698255,max
"('float', 'int64')",int64,0.4975711037995234,0.44731939454322783,0.050251709256295574,max
"('float', 'int64double')",float,0.4960308115880283,0.46602542439517775,0.030005387192850563,max
"('float', 'int64double')",int64double,0.4945115409558711,0.5339745756048222,0.03946303464895112,max
"('float', 'int64float')",float,0.492812944529603,0.44007380444729927,0.05273914008230374,max
"('float', 'int64float')",int64float,0.4953892213706078,0.5599261955527008,0.06453697418209303,max
"('float', 'jmp')",float,0.4955645210942105,0.5132776422629809,0.017713121168770385,max
"('float', 'jmp')",jmp,0.4934488973677678,0.48672235773701916,0.006726539630748651,max
"('float', 'prod')",float,0.4901917644683749,0.4116729249548131,0.07851883951356181,max
"('float', 'prod')",prod,0.49712847466214316,0.5883270750451869,0.09119860038304373,max
"('float', 'queens')",float,0.49559012575278544,0.45283641453399576,0.04275371121878968,max
"('float', 'queens')",queens,0.4928316331987502,0.5471635854660042,0.05433195226725401,max
"('float', 'rand')",float,0.4991066073148278,0.6144022899518204,0.11529568263699264,max
"('float', 'rand')",rand,0.49766620190812977,0.38559771004817944,0.11206849185995033,max
"('int64', 'int64double')",int64,0.49353816604872314,0.4139607912590854,0.07957737478963772,max
"('int64', 'int64double')",int64double,0.49972452983031407,0.5860392087409146,0.08631467891060057,max
"('int64', 'int64float')",int64,0.49568076691990004,0.38879744188193427,0.10688332503796577,max
"('int64', 'int64float')",int64float,0.49399652476761885,0.6112025581180659,0.11720603335044705,max
"('int64', 'jmp')",int64,0.49285484046275735,0.46048648205550785,0.0323683584072495,max
"('int64', 'jmp')",jmp,0.494901677525706,0.5395135179444922,0.044611840418786186,max
"('int64', 'prod')",int64,0.49791834572071797,0.36156886826828033,0.13634947745243764,max
"('int64', 'prod')",prod,0.4864463305709737,0.6384311317317197,0.15198480116074603,max
"('int64', 'queens')",int64,0.49366091742668544,0.4011383382827754,0.09252257914391004,max
"('int64', 'queens')",queens,0.5011438680444256,0.5988616617172245,0.09771779367279898,max
"('int64', 'rand')",int64,0.49643934885995183,0.5632463728762911,0.06680702401633926,max
"('int64', 'rand')",rand,0.5030353393355683,0.436753627123709,0.0662817122118593,max
"('int64double', 'int64float')",int64double,0.4974379286293186,0.47383529816770187,0.023602630461616758,max
"('int64double', 'int64float')",int64float,0.4915965807208411,0.5261647018322982,0.03456812111145713,max
"('int64double', 'jmp')",int64double,0.4989486713612299,0.5471671091095621,0.04821843774833223,max
"('int64double', 'jmp')",jmp,0.4927064851199199,0.4528328908904379,0.039873594229482,max
"('int64double', 'prod')",int64double,0.48762019676814683,0.44498715388571164,0.04263304288243519,max
"('int64double', 'prod')",prod,0.49840678646919007,0.5550128461142884,0.056606059645098294,max
"('int64double', 'queens')",int64double,0.49543118719427803,0.4867259105099963,0.008705276684281726,max
"('int64double', 'queens')",queens,0.49743832023174334,0.5132740894900037,0.015835769258260413,max
"('int64double', 'rand')",int64double,0.4952199422002819,0.6461053543626443,0.15088541216236234,max
"('int64double', 'rand')",rand,0.4976277455549515,0.3538946456373557,0.1437330999175958,max
"('int64float', 'jmp')",int64float,0.4884260349975949,0.5729715900889878,0.08454555509139289,max
"('int64float', 'jmp')",jmp,0.499024149790183,0.4270284099110122,0.0719957398791708,max
"('int64float', 'prod')",int64float,0.4948022305792572,0.4709847984066361,0.02381743217262111,max
"('int64float', 'prod')",prod,0.4926739526668287,0.5290152015933639,0.03634124892653523,max
"('int64float', 'queens')",int64float,0.4970875561952816,0.5129085455440245,0.01582098934874293,max
"('int64float', 'queens')",queens,0.49928910999627585,0.4870914544559755,0.012197655540300334,max
"('int64float', 'rand')",int64float,0.49777055384895486,0.6696755119481372,0.17190495809918238,max
"('int64float', 'rand')",rand,0.5001492949609466,0.3303244880518627,0.16982480690908391,max
"('jmp', 'prod')",jmp,0.49786120241564735,0.39886969518794735,0.0989915072277,max
"('jmp', 'prod')",prod,0.4915791520497354,0.6011303048120527,0.10955115276231725,max
"('jmp', 'queens')",jmp,0.49117205006320475,0.43970979229964824,0.05146225776355651,max
"('jmp', 'queens')",queens,0.49760856140008447,0.5602902077003519,0.0626816463002674,max
"('jmp', 'rand')",jmp,0.49377570771097035,0.6017428341702467,0.10796712645927631,max
"('jmp', 'rand')",rand,0.5006347382248197,0.3982571658297534,0.10237757239506634,max
"('prod', 'queens')",prod,0.49743492395980304,0.5418610319354282,0.044426107975625184,max
"('prod', 'queens')",queens,0.49531930107749644,0.45813896806457177,0.03718033301292467,max
"('prod', 'rand')",prod,0.4936056037367759,0.6948535260417973,0.20124792230502137,max
"('prod', 'rand')",rand,0.4956569638714381,0.30514647395820266,0.19051048991323544,max
"('queens', 'rand')",queens,0.49718157345343084,0.6581525497960344,0.1609709763426036,max
"('queens', 'rand')",rand,0.495102852830599,0.3418474502039655,0.1532554026266335,max
