cenario,par,AE
min,"('ackermann', 'double')",0.00971373218410626
min,"('ackermann', 'fibonacci')",0.10292036546778013
min,"('ackermann', 'float')",0.023790127497319957
min,"('ackermann', 'int64')",0.07149056591385311
min,"('ackermann', 'int64double')",0.0045528938869578706
min,"('ackermann', 'int64float')",0.025011603652942943
min,"('ackermann', 'jmp')",0.04468264088370946
min,"('ackermann', 'prod')",0.051164228532264516
min,"('ackermann', 'queens')",0.013623111310948538
min,"('ackermann', 'rand')",0.13162828706356297
min,"('double', 'fibonacci')",0.11321050776898364
min,"('double', 'float')",0.04144758452023539
min,"('double', 'int64')",0.08663365612953935
min,"('double', 'int64double')",0.011823005297235123
min,"('double', 'int64float')",0.013839188505828381
min,"('double', 'jmp')",0.05545261135220081
min,"('double', 'prod')",0.037722862087147785
min,"('double', 'queens')",0.004640974770167283
min,"('double', 'rand')",0.1415755921708191
min,"('fibonacci', 'float')",0.06954363637790467
min,"('fibonacci', 'int64')",0.028372779462704945
min,"('fibonacci', 'int64double')",0.10129232338619892
min,"('fibonacci', 'int64float')",0.12581865128683437
min,"('fibonacci', 'jmp')",0.062806376093695
min,"('fibonacci', 'prod')",0.14761551387187638
min,"('fibonacci', 'queens')",0.1147792452342222
min,"('fibonacci', 'rand')",0.026975425438546224
min,"('float', 'int64')",0.04905534201341302
min,"('float', 'int64double')",0.030867877251011477
min,"('float', 'int64float')",0.05215710383975569
min,"('float', 'jmp')",0.010574600942101692
min,"('float', 'prod')",0.07585991920261667
min,"('float', 'queens')",0.043310625930839924
min,"('float', 'rand')",0.09711806177501822
min,"('int64', 'int64double')",0.07231793280251941
min,"('int64', 'int64float')",0.09904563958432216
min,"('int64', 'jmp')",0.0331349155379361
min,"('int64', 'prod')",0.12899426458444882
min,"('int64', 'queens')",0.08324099864610446
min,"('int64', 'rand')",0.05636769441722936
min,"('int64double', 'int64float')",0.02640885759748568
min,"('int64double', 'jmp')",0.03856116785662078
min,"('int64double', 'prod')",0.044301508721858646
min,"('int64double', 'queens')",0.010879580146022
min,"('int64double', 'rand')",0.1276603774371628
min,"('int64float', 'jmp')",0.07021527954834497
min,"('int64float', 'prod')",0.027393690579513186
min,"('int64float', 'queens')",0.01271878485188499
min,"('int64float', 'rand')",0.1493734648553627
min,"('jmp', 'prod')",0.0937672004773833
min,"('jmp', 'queens')",0.050241234520299966
min,"('jmp', 'rand')",0.09002960346744576
min,"('prod', 'queens')",0.036843372708500854
min,"('prod', 'rand')",0.17285763352225528
min,"('queens', 'rand')",0.13647369815480465
max,"('ackermann', 'double')",0.011259207714053643
max,"('ackermann', 'fibonacci')",0.11804901400318804
max,"('ackermann', 'float')",0.027610802162543996
max,"('ackermann', 'int64')",0.082076402461392
max,"('ackermann', 'int64double')",0.004552893886957815
max,"('ackermann', 'int64float')",0.027734031437760237
max,"('ackermann', 'jmp')",0.050122393396468845
max,"('ackermann', 'prod')",0.056527090109433936
max,"('ackermann', 'queens')",0.015060210945846891
max,"('ackermann', 'rand')",0.15124307119939034
max,"('double', 'fibonacci')",0.12959724119064076
max,"('double', 'float')",0.04678560154871084
max,"('double', 'int64')",0.09860866292241105
max,"('double', 'int64double')",0.01332233850561057
max,"('double', 'int64float')",0.015021286109919818
max,"('double', 'jmp')",0.06238732397163482
max,"('double', 'prod')",0.041576009394982294
max,"('double', 'queens')",0.004640974770167311
max,"('double', 'rand')",0.16228935210800216
max,"('fibonacci', 'float')",0.08129761131334143
max,"('fibonacci', 'int64')",0.033378024516241195
max,"('fibonacci', 'int64double')",0.11645957858798886
max,"('fibonacci', 'int64float')",0.1431163255966094
max,"('fibonacci', 'jmp')",0.07302906198685985
max,"('fibonacci', 'prod')",0.1667856554892095
max,"('fibonacci', 'queens')",0.13107997903695634
max,"('fibonacci', 'rand')",0.03225160054316811
max,"('float', 'int64')",0.05601786379163906
max,"('float', 'int64double')",0.03473421092090084
max,"('float', 'int64float')",0.058638057132198385
max,"('float', 'jmp')",0.012219830399759518
max,"('float', 'prod')",0.08485871994830277
max,"('float', 'queens')",0.04854283174302185
max,"('float', 'rand')",0.11368208724847148
max,"('int64', 'int64double')",0.08294602685011915
max,"('int64', 'int64float')",0.11204467919420641
max,"('int64', 'jmp')",0.03849009941301784
max,"('int64', 'prod')",0.14416713930659183
max,"('int64', 'queens')",0.09512018640835451
max,"('int64', 'rand')",0.06654436811409928
max,"('int64double', 'int64float')",0.029085375786536943
max,"('int64double', 'jmp')",0.04404601598890712
max,"('int64double', 'prod')",0.04961955126376674
max,"('int64double', 'queens')",0.01227052297127107
max,"('int64double', 'rand')",0.14730925603997908
max,"('int64float', 'jmp')",0.07827064748528184
max,"('int64float', 'prod')",0.03007934054957817
max,"('int64float', 'queens')",0.014009322444521632
max,"('int64float', 'rand')",0.17086488250413315
max,"('jmp', 'prod')",0.10427132999500863
max,"('jmp', 'queens')",0.057071952031911954
max,"('jmp', 'rand')",0.10517234942717132
max,"('prod', 'queens')",0.04080322049427493
max,"('prod', 'rand')",0.1958792061091284
max,"('queens', 'rand')",0.15711318948461855
