taskset--c-0-stress-ng---cpu-1---cpu-method-ackermann--t-30-20260917_220524.csv,10.641417432605612,0.010425689019636418
residual-stress-ng---cpu-1---cpu-method-ackermann--t-30-20260917_220525,10.641417432605612,null
taskset--c-0-stress-ng---cpu-1---cpu-method-ackermann--t-30-20260917_220916.csv,10.58864564592077,0.02639292078965399
residual-stress-ng---cpu-1---cpu-method-ackermann--t-30-20260917_220917,10.58864564592077,null
taskset--c-0-stress-ng---cpu-1---cpu-method-ackermann--t-30-20260917_221309.csv,10.568520525620931,0.027044009983482147
residual-stress-ng---cpu-1---cpu-method-ackermann--t-30-20260917_221309,10.568520525620931,null
taskset--c-0-stress-ng---cpu-1---cpu-method-ackermann--t-30-20260917_221701.csv,10.680132730221441,0.014848414491388498
residual-stress-ng---cpu-1---cpu-method-ackermann--t-30-20260917_221701,10.680132730221441,null
taskset--c-0-stress-ng---cpu-1---cpu-method-ackermann--t-30-20260917_222053.csv,10.484781581592912,0.027674923912408275
residual-stress-ng---cpu-1---cpu-method-ackermann--t-30-20260917_222053,10.484781581592912,null
taskset--c-0-stress-ng---cpu-1---cpu-method-ackermann--t-30-20260917_222445.csv,10.654821762711926,0.027431244040846132
residual-stress-ng---cpu-1---cpu-method-ackermann--t-30-20260917_222445,10.654821762711926,null
taskset--c-0-stress-ng---cpu-1---cpu-method-ackermann--t-30-20260917_222837.csv,10.435173394749004,0.026210290938204314
residual-stress-ng---cpu-1---cpu-method-ackermann--t-30-20260917_222837,10.435173394749004,null
taskset--c-0-stress-ng---cpu-1---cpu-method-ackermann--t-30-20260917_223229.csv,10.427239122521216,0.017311946919948914
residual-stress-ng---cpu-1---cpu-method-ackermann--t-30-20260917_223229,10.427239122521216,null
taskset--c-0-stress-ng---cpu-1---cpu-method-ackermann--t-30-20260917_223621.csv,10.378277938366777,0.010978307697696156
residual-stress-ng---cpu-1---cpu-method-ackermann--t-30-20260917_223621,10.378277938366777,null
taskset--c-0-stress-ng---cpu-1---cpu-method-ackermann--t-30-20260917_224013.csv,10.454499338218444,0.02054930305762975
residual-stress-ng---cpu-1---cpu-method-ackermann--t-30-20260917_224013,10.454499338218444,null
taskset--c-0-stress-ng---cpu-1---cpu-method-ackermann--t-30-20260917_224405.csv,10.418780610172249,0.015031708101099885
residual-stress-ng---cpu-1---cpu-method-ackermann--t-30-20260917_224405,10.418780610172249,null
taskset--c-0-stress-ng---cpu-1---cpu-method-ackermann--t-30-20260917_224757.csv,10.641002999221111,0.013654450495552256
residual-stress-ng---cpu-1---cpu-method-ackermann--t-30-20260917_224757,10.641002999221111,null
taskset--c-0-stress-ng---cpu-1---cpu-method-ackermann--t-30-20260917_225149.csv,10.681657121344553,0.016664786938974805
residual-stress-ng---cpu-1---cpu-method-ackermann--t-30-20260917_225150,10.681657121344553,null
taskset--c-0-stress-ng---cpu-1---cpu-method-ackermann--t-30-20260917_225541.csv,10.420692235583921,0.01410390786509471
residual-stress-ng---cpu-1---cpu-method-ackermann--t-30-20260917_225542,10.420692235583921,null
taskset--c-0-stress-ng---cpu-1---cpu-method-ackermann--t-30-20260917_225933.csv,10.595687923661483,0.015555657688735314
residual-stress-ng---cpu-1---cpu-method-ackermann--t-30-20260917_225934,10.595687923661483,null
taskset--c-0-stress-ng---cpu-1---cpu-method-queens--t-30-20260917_230325.csv,10.665399126409838,0.00784617489486606
residual-stress-ng---cpu-1---cpu-method-queens--t-30-20260917_230326,10.665399126409838,null
taskset--c-0-stress-ng---cpu-1---cpu-method-queens--t-30-20260917_230717.csv,10.682473133367589,0.009427572042436994
residual-stress-ng---cpu-1---cpu-method-queens--t-30-20260917_230718,10.682473133367589,null
taskset--c-0-stress-ng---cpu-1---cpu-method-queens--t-30-20260917_231109.csv,10.680283718570132,0.008838963377872634
residual-stress-ng---cpu-1---cpu-method-queens--t-30-20260917_231110,10.680283718570132,null
taskset--c-0-stress-ng---cpu-1---cpu-method-queens--t-30-20260917_231502.csv,10.688646113201179,0.010716086625884691
residual-stress-ng---cpu-1---cpu-method-queens--t-30-20260917_231502,10.688646113201179,null
taskset--c-0-stress-ng---cpu-1---cpu-method-queens--t-30-20260917_231854.csv,10.682372168064607,0.008014689102417651
residual-stress-ng---cpu-1---cpu-method-queens--t-30-20260917_231854,10.682372168064607,null
taskset--c-0-stress-ng---cpu-1---cpu-method-queens--t-30-20260917_232246.csv,10.673186080945113,0.009200165485792135
residual-stress-ng---cpu-1---cpu-method-queens--t-30-20260917_232246,10.673186080945113,null
taskset--c-0-stress-ng---cpu-1---cpu-method-queens--t-30-20260917_232638.csv,10.703926229046132,0.020424503650839785
residual-stress-ng---cpu-1---cpu-method-queens--t-30-20260917_232638,10.703926229046132,null
taskset--c-0-stress-ng---cpu-1---cpu-method-queens--t-30-20260917_233030.csv,10.700345641624269,0.017386648534833005
residual-stress-ng---cpu-1---cpu-method-queens--t-30-20260917_233030,10.700345641624269,null
taskset--c-0-stress-ng---cpu-1---cpu-method-queens--t-30-20260917_233422.csv,10.677374099962424,0.010991860642585522
residual-stress-ng---cpu-1---cpu-method-queens--t-30-20260917_233422,10.677374099962424,null
taskset--c-0-stress-ng---cpu-1---cpu-method-queens--t-30-20260917_233814.csv,10.666299177085868,0.01106737715193039
residual-stress-ng---cpu-1---cpu-method-queens--t-30-20260917_233814,10.666299177085868,null
taskset--c-0-stress-ng---cpu-1---cpu-method-queens--t-30-20260917_234206.csv,10.681421018289415,0.009114912494562017
residual-stress-ng---cpu-1---cpu-method-queens--t-30-20260917_234207,10.681421018289415,null
taskset--c-0-stress-ng---cpu-1---cpu-method-queens--t-30-20260917_234558.csv,10.680318677624802,0.009728190149234282
residual-stress-ng---cpu-1---cpu-method-queens--t-30-20260917_234559,10.680318677624802,null
taskset--c-0-stress-ng---cpu-1---cpu-method-queens--t-30-20260917_234950.csv,10.651577943410903,0.014789465397307498
residual-stress-ng---cpu-1---cpu-method-queens--t-30-20260917_234951,10.651577943410903,null
taskset--c-0-stress-ng---cpu-1---cpu-method-queens--t-30-20260917_235343.csv,10.684102323465376,0.010053227789882751
residual-stress-ng---cpu-1---cpu-method-queens--t-30-20260917_235343,10.684102323465376,null
taskset--c-0-stress-ng---cpu-1---cpu-method-queens--t-30-20260917_235735.csv,10.67963711402594,0.01932142672963934
residual-stress-ng---cpu-1---cpu-method-queens--t-30-20260917_235735,10.67963711402594,null
taskset--c-0-stress-ng---cpu-1---cpu-method-fibonacci--t-30-20260918_000127.csv,9.662867974010773,0.01787646177471312
residual-stress-ng---cpu-1---cpu-method-fibonacci--t-30-20260918_000127,9.662867974010773,null
taskset--c-0-stress-ng---cpu-1---cpu-method-fibonacci--t-30-20260918_000519.csv,9.700739857468177,0.016636438949297023
residual-stress-ng---cpu-1---cpu-method-fibonacci--t-30-20260918_000519,9.700739857468177,null
taskset--c-0-stress-ng---cpu-1---cpu-method-fibonacci--t-30-20260918_000911.csv,9.67900934350229,0.02236297943888108
residual-stress-ng---cpu-1---cpu-method-fibonacci--t-30-20260918_000911,9.67900934350229,null
taskset--c-0-stress-ng---cpu-1---cpu-method-fibonacci--t-30-20260918_001303.csv,9.626931465686155,0.012726793300977
residual-stress-ng---cpu-1---cpu-method-fibonacci--t-30-20260918_001303,9.626931465686155,null
taskset--c-0-stress-ng---cpu-1---cpu-method-fibonacci--t-30-20260918_001655.csv,9.6528504320406,0.014725741272639115
residual-stress-ng---cpu-1---cpu-method-fibonacci--t-30-20260918_001655,9.6528504320406,null
taskset--c-0-stress-ng---cpu-1---cpu-method-fibonacci--t-30-20260918_002047.csv,9.5925599446763,0.01561100254913349
residual-stress-ng---cpu-1---cpu-method-fibonacci--t-30-20260918_002047,9.5925599446763,null
taskset--c-0-stress-ng---cpu-1---cpu-method-fibonacci--t-30-20260918_002439.csv,9.605467902547197,0.011715054037302408
residual-stress-ng---cpu-1---cpu-method-fibonacci--t-30-20260918_002439,9.605467902547197,null
taskset--c-0-stress-ng---cpu-1---cpu-method-fibonacci--t-30-20260918_002831.csv,9.61815579059219,0.01828431948007621
residual-stress-ng---cpu-1---cpu-method-fibonacci--t-30-20260918_002832,9.61815579059219,null
taskset--c-0-stress-ng---cpu-1---cpu-method-fibonacci--t-30-20260918_003223.csv,9.71553242771552,0.016423591249997573
residual-stress-ng---cpu-1---cpu-method-fibonacci--t-30-20260918_003223,9.71553242771552,null
taskset--c-0-stress-ng---cpu-1---cpu-method-fibonacci--t-30-20260918_003615.csv,9.61055712356386,0.015693459817936753
residual-stress-ng---cpu-1---cpu-method-fibonacci--t-30-20260918_003616,9.61055712356386,null
taskset--c-0-stress-ng---cpu-1---cpu-method-fibonacci--t-30-20260918_004007.csv,9.653528001874317,0.01745402439556268
residual-stress-ng---cpu-1---cpu-method-fibonacci--t-30-20260918_004008,9.653528001874317,null
taskset--c-0-stress-ng---cpu-1---cpu-method-fibonacci--t-30-20260918_004359.csv,9.65199398703978,0.021512747465687095
residual-stress-ng---cpu-1---cpu-method-fibonacci--t-30-20260918_004400,9.65199398703978,null
taskset--c-0-stress-ng---cpu-1---cpu-method-fibonacci--t-30-20260918_004751.csv,9.59928987159601,0.005935372709316098
residual-stress-ng---cpu-1---cpu-method-fibonacci--t-30-20260918_004752,9.59928987159601,null
taskset--c-0-stress-ng---cpu-1---cpu-method-fibonacci--t-30-20260918_005143.csv,9.578409170086918,0.01677483940694324
residual-stress-ng---cpu-1---cpu-method-fibonacci--t-30-20260918_005144,9.578409170086918,null
taskset--c-0-stress-ng---cpu-1---cpu-method-fibonacci--t-30-20260918_005535.csv,9.643120125453423,0.01348379231508582
residual-stress-ng---cpu-1---cpu-method-fibonacci--t-30-20260918_005536,9.643120125453423,null
taskset--c-0-stress-ng---cpu-1---cpu-method-float--t-30-20260918_005927.csv,10.27213070085543,0.011535017991126948
residual-stress-ng---cpu-1---cpu-method-float--t-30-20260918_005927,10.27213070085543,null
taskset--c-0-stress-ng---cpu-1---cpu-method-float--t-30-20260918_010319.csv,10.28399955226763,0.010938155467703598
residual-stress-ng---cpu-1---cpu-method-float--t-30-20260918_010319,10.28399955226763,null
taskset--c-0-stress-ng---cpu-1---cpu-method-float--t-30-20260918_010711.csv,10.288579511209544,0.010005179634014509
residual-stress-ng---cpu-1---cpu-method-float--t-30-20260918_010711,10.288579511209544,null
taskset--c-0-stress-ng---cpu-1---cpu-method-float--t-30-20260918_011103.csv,10.282363340058676,0.0087746459006039
residual-stress-ng---cpu-1---cpu-method-float--t-30-20260918_011104,10.282363340058676,null
taskset--c-0-stress-ng---cpu-1---cpu-method-float--t-30-20260918_011455.csv,10.291669444138135,0.008754462602508095
residual-stress-ng---cpu-1---cpu-method-float--t-30-20260918_011456,10.291669444138135,null
taskset--c-0-stress-ng---cpu-1---cpu-method-float--t-30-20260918_011847.csv,10.295186245295488,0.00797480707404931
residual-stress-ng---cpu-1---cpu-method-float--t-30-20260918_011848,10.295186245295488,null
taskset--c-0-stress-ng---cpu-1---cpu-method-float--t-30-20260918_012239.csv,10.2995783929608,0.007758787066026592
residual-stress-ng---cpu-1---cpu-method-float--t-30-20260918_012240,10.2995783929608,null
taskset--c-0-stress-ng---cpu-1---cpu-method-float--t-30-20260918_012632.csv,10.297695483088502,0.0061607679876706225
residual-stress-ng---cpu-1---cpu-method-float--t-30-20260918_012632,10.297695483088502,null
taskset--c-0-stress-ng---cpu-1---cpu-method-float--t-30-20260918_013024.csv,10.2923652831824,0.008837114591363502
residual-stress-ng---cpu-1---cpu-method-float--t-30-20260918_013024,10.2923652831824,null
taskset--c-0-stress-ng---cpu-1---cpu-method-float--t-30-20260918_013416.csv,10.307687762710339,0.006257699745114689
residual-stress-ng---cpu-1---cpu-method-float--t-30-20260918_013417,10.307687762710339,null
taskset--c-0-stress-ng---cpu-1---cpu-method-float--t-30-20260918_013808.csv,10.280262891771951,0.013308989936689067
residual-stress-ng---cpu-1---cpu-method-float--t-30-20260918_013809,10.280262891771951,null
taskset--c-0-stress-ng---cpu-1---cpu-method-float--t-30-20260918_014200.csv,10.31294720438915,0.015262248948264305
residual-stress-ng---cpu-1---cpu-method-float--t-30-20260918_014201,10.31294720438915,null
taskset--c-0-stress-ng---cpu-1---cpu-method-float--t-30-20260918_014552.csv,10.283865956493347,0.01081299398275003
residual-stress-ng---cpu-1---cpu-method-float--t-30-20260918_014553,10.283865956493347,null
taskset--c-0-stress-ng---cpu-1---cpu-method-float--t-30-20260918_014945.csv,10.31322265972157,0.014556899813109102
residual-stress-ng---cpu-1---cpu-method-float--t-30-20260918_014945,10.31322265972157,null
taskset--c-0-stress-ng---cpu-1---cpu-method-float--t-30-20260918_015337.csv,10.31012714790039,0.009287339725605212
residual-stress-ng---cpu-1---cpu-method-float--t-30-20260918_015337,10.31012714790039,null
taskset--c-0-stress-ng---cpu-1---cpu-method-int64--t-30-20260918_015729.csv,9.917176290406877,0.00809090204012184
residual-stress-ng---cpu-1---cpu-method-int64--t-30-20260918_015729,9.917176290406877,null
taskset--c-0-stress-ng---cpu-1---cpu-method-int64--t-30-20260918_020121.csv,9.905608388768586,0.011253328492843708
residual-stress-ng---cpu-1---cpu-method-int64--t-30-20260918_020121,9.905608388768586,null
taskset--c-0-stress-ng---cpu-1---cpu-method-int64--t-30-20260918_020513.csv,9.937635420229578,0.013553772427753812
residual-stress-ng---cpu-1---cpu-method-int64--t-30-20260918_020513,9.937635420229578,null
taskset--c-0-stress-ng---cpu-1---cpu-method-int64--t-30-20260918_020905.csv,9.923363907569955,0.009938718792163488
residual-stress-ng---cpu-1---cpu-method-int64--t-30-20260918_020905,9.923363907569955,null
taskset--c-0-stress-ng---cpu-1---cpu-method-int64--t-30-20260918_021257.csv,9.916324201932802,0.008370268744453133
residual-stress-ng---cpu-1---cpu-method-int64--t-30-20260918_021257,9.916324201932802,null
taskset--c-0-stress-ng---cpu-1---cpu-method-int64--t-30-20260918_021649.csv,9.928946706939282,0.011105547268984543
residual-stress-ng---cpu-1---cpu-method-int64--t-30-20260918_021649,9.928946706939282,null
taskset--c-0-stress-ng---cpu-1---cpu-method-int64--t-30-20260918_022041.csv,9.903373873700069,0.009787777181088765
residual-stress-ng---cpu-1---cpu-method-int64--t-30-20260918_022041,9.903373873700069,null
taskset--c-0-stress-ng---cpu-1---cpu-method-int64--t-30-20260918_022433.csv,9.929318270617829,0.009841798351658269
residual-stress-ng---cpu-1---cpu-method-int64--t-30-20260918_022433,9.929318270617829,null
taskset--c-0-stress-ng---cpu-1---cpu-method-int64--t-30-20260918_022825.csv,9.920967004852377,0.007894517688494735
residual-stress-ng---cpu-1---cpu-method-int64--t-30-20260918_022826,9.920967004852377,null
taskset--c-0-stress-ng---cpu-1---cpu-method-int64--t-30-20260918_023217.csv,9.923711490438693,0.007102205497169941
residual-stress-ng---cpu-1---cpu-method-int64--t-30-20260918_023217,9.923711490438693,null
taskset--c-0-stress-ng---cpu-1---cpu-method-int64--t-30-20260918_023609.csv,9.915548327969889,0.006793156606392578
residual-stress-ng---cpu-1---cpu-method-int64--t-30-20260918_023609,9.915548327969889,null
taskset--c-0-stress-ng---cpu-1---cpu-method-int64--t-30-20260918_024001.csv,9.917994322350378,0.011859330941268384
residual-stress-ng---cpu-1---cpu-method-int64--t-30-20260918_024001,9.917994322350378,null
taskset--c-0-stress-ng---cpu-1---cpu-method-int64--t-30-20260918_024353.csv,9.920249520341262,0.01245917018097264
residual-stress-ng---cpu-1---cpu-method-int64--t-30-20260918_024354,9.920249520341262,null
taskset--c-0-stress-ng---cpu-1---cpu-method-int64--t-30-20260918_024745.csv,9.896355749818344,0.013903444261129947
residual-stress-ng---cpu-1---cpu-method-int64--t-30-20260918_024746,9.896355749818344,null
taskset--c-0-stress-ng---cpu-1---cpu-method-int64--t-30-20260918_025137.csv,9.892516290976436,0.010934824798470527
residual-stress-ng---cpu-1---cpu-method-int64--t-30-20260918_025138,9.892516290976436,null
taskset--c-0-stress-ng---cpu-1---cpu-method-double--t-30-20260918_025529.csv,10.701305092909859,0.01314213784551553
residual-stress-ng---cpu-1---cpu-method-double--t-30-20260918_025530,10.701305092909859,null
taskset--c-0-stress-ng---cpu-1---cpu-method-double--t-30-20260918_025921.csv,10.685537444992631,0.010010203840483766
residual-stress-ng---cpu-1---cpu-method-double--t-30-20260918_025922,10.685537444992631,null
taskset--c-0-stress-ng---cpu-1---cpu-method-double--t-30-20260918_030313.csv,10.687553998961887,0.013851124335439108
residual-stress-ng---cpu-1---cpu-method-double--t-30-20260918_030314,10.687553998961887,null
taskset--c-0-stress-ng---cpu-1---cpu-method-double--t-30-20260918_030705.csv,10.671672586190942,0.009627098691669462
residual-stress-ng---cpu-1---cpu-method-double--t-30-20260918_030706,10.671672586190942,null
taskset--c-0-stress-ng---cpu-1---cpu-method-double--t-30-20260918_031057.csv,10.69469944433933,0.01824264515329611
residual-stress-ng---cpu-1---cpu-method-double--t-30-20260918_031058,10.69469944433933,null
taskset--c-0-stress-ng---cpu-1---cpu-method-double--t-30-20260918_031449.csv,10.689538524844114,0.008280275683599146
residual-stress-ng---cpu-1---cpu-method-double--t-30-20260918_031450,10.689538524844114,null
taskset--c-0-stress-ng---cpu-1---cpu-method-double--t-30-20260918_031842.csv,10.668131817560631,0.008535617460323467
residual-stress-ng---cpu-1---cpu-method-double--t-30-20260918_031842,10.668131817560631,null
taskset--c-0-stress-ng---cpu-1---cpu-method-double--t-30-20260918_032234.csv,10.6950845494549,0.010378365595540479
residual-stress-ng---cpu-1---cpu-method-double--t-30-20260918_032234,10.6950845494549,null
taskset--c-0-stress-ng---cpu-1---cpu-method-double--t-30-20260918_032626.csv,10.685427526211937,0.011984762733752404
residual-stress-ng---cpu-1---cpu-method-double--t-30-20260918_032626,10.685427526211937,null
taskset--c-0-stress-ng---cpu-1---cpu-method-double--t-30-20260918_033018.csv,10.683832052096223,0.009868383256156873
residual-stress-ng---cpu-1---cpu-method-double--t-30-20260918_033018,10.683832052096223,null
taskset--c-0-stress-ng---cpu-1---cpu-method-double--t-30-20260918_033411.csv,10.682353457730496,0.007623293255744854
residual-stress-ng---cpu-1---cpu-method-double--t-30-20260918_033411,10.682353457730496,null
taskset--c-0-stress-ng---cpu-1---cpu-method-double--t-30-20260918_033803.csv,10.66327538966542,0.009845564404789717
residual-stress-ng---cpu-1---cpu-method-double--t-30-20260918_033803,10.66327538966542,null
taskset--c-0-stress-ng---cpu-1---cpu-method-double--t-30-20260918_034155.csv,10.686940047789196,0.007772941023261405
residual-stress-ng---cpu-1---cpu-method-double--t-30-20260918_034155,10.686940047789196,null
taskset--c-0-stress-ng---cpu-1---cpu-method-double--t-30-20260918_034547.csv,10.68663966917499,0.010379473896491203
residual-stress-ng---cpu-1---cpu-method-double--t-30-20260918_034547,10.68663966917499,null
taskset--c-0-stress-ng---cpu-1---cpu-method-double--t-30-20260918_034939.csv,10.686720109810972,0.00901998062144513
residual-stress-ng---cpu-1---cpu-method-double--t-30-20260918_034939,10.686720109810972,null
taskset--c-0-stress-ng---cpu-1---cpu-method-int64float--t-30-20260918_035331.csv,10.69447140661692,0.010890797055338915
residual-stress-ng---cpu-1---cpu-method-int64float--t-30-20260918_035331,10.69447140661692,null
taskset--c-0-stress-ng---cpu-1---cpu-method-int64float--t-30-20260918_035723.csv,10.69483014486632,0.0074407441096923
residual-stress-ng---cpu-1---cpu-method-int64float--t-30-20260918_035723,10.69483014486632,null
taskset--c-0-stress-ng---cpu-1---cpu-method-int64float--t-30-20260918_040115.csv,10.681798038616417,0.009571793040081572
residual-stress-ng---cpu-1---cpu-method-int64float--t-30-20260918_040115,10.681798038616417,null
taskset--c-0-stress-ng---cpu-1---cpu-method-int64float--t-30-20260918_040507.csv,10.704165027286134,0.011474485476101382
residual-stress-ng---cpu-1---cpu-method-int64float--t-30-20260918_040508,10.704165027286134,null
taskset--c-0-stress-ng---cpu-1---cpu-method-int64float--t-30-20260918_040900.csv,10.723770965082242,0.008674421893437406
residual-stress-ng---cpu-1---cpu-method-int64float--t-30-20260918_040900,10.723770965082242,null
taskset--c-0-stress-ng---cpu-1---cpu-method-int64float--t-30-20260918_041252.csv,10.698731344759683,0.010004435903850726
residual-stress-ng---cpu-1---cpu-method-int64float--t-30-20260918_041252,10.698731344759683,null
taskset--c-0-stress-ng---cpu-1---cpu-method-int64float--t-30-20260918_041644.csv,10.704605537810332,0.014016951217745854
residual-stress-ng---cpu-1---cpu-method-int64float--t-30-20260918_041644,10.704605537810332,null
taskset--c-0-stress-ng---cpu-1---cpu-method-int64float--t-30-20260918_042036.csv,10.68013543741353,0.01050626890664557
residual-stress-ng---cpu-1---cpu-method-int64float--t-30-20260918_042036,10.68013543741353,null
taskset--c-0-stress-ng---cpu-1---cpu-method-int64float--t-30-20260918_042428.csv,10.724864373215246,0.014636608938074183
residual-stress-ng---cpu-1---cpu-method-int64float--t-30-20260918_042428,10.724864373215246,null
taskset--c-0-stress-ng---cpu-1---cpu-method-int64float--t-30-20260918_042820.csv,10.697966789572371,0.014707023130798212
residual-stress-ng---cpu-1---cpu-method-int64float--t-30-20260918_042820,10.697966789572371,null
taskset--c-0-stress-ng---cpu-1---cpu-method-int64float--t-30-20260918_043212.csv,10.68792571549034,0.01129093147334504
residual-stress-ng---cpu-1---cpu-method-int64float--t-30-20260918_043212,10.68792571549034,null
taskset--c-0-stress-ng---cpu-1---cpu-method-int64float--t-30-20260918_043604.csv,10.684149836345089,0.013223893436334984
residual-stress-ng---cpu-1---cpu-method-int64float--t-30-20260918_043604,10.684149836345089,null
taskset--c-0-stress-ng---cpu-1---cpu-method-int64float--t-30-20260918_043956.csv,10.711934947171226,0.009327382987438406
residual-stress-ng---cpu-1---cpu-method-int64float--t-30-20260918_043956,10.711934947171226,null
taskset--c-0-stress-ng---cpu-1---cpu-method-int64float--t-30-20260918_044348.csv,10.68678256455071,0.02030851543958259
residual-stress-ng---cpu-1---cpu-method-int64float--t-30-20260918_044348,10.68678256455071,null
taskset--c-0-stress-ng---cpu-1---cpu-method-int64float--t-30-20260918_044740.csv,10.698770230179578,0.011096558055473495
residual-stress-ng---cpu-1---cpu-method-int64float--t-30-20260918_044741,10.698770230179578,null
taskset--c-0-stress-ng---cpu-1---cpu-method-int64double--t-30-20260918_045132.csv,10.449596108005908,0.010992732661406338
residual-stress-ng---cpu-1---cpu-method-int64double--t-30-20260918_045133,10.449596108005908,null
taskset--c-0-stress-ng---cpu-1---cpu-method-int64double--t-30-20260918_045524.csv,10.481331546860606,0.011775611514137035
residual-stress-ng---cpu-1---cpu-method-int64double--t-30-20260918_045525,10.481331546860606,null
taskset--c-0-stress-ng---cpu-1---cpu-method-int64double--t-30-20260918_045916.csv,10.45204355871354,0.00997077210650305
residual-stress-ng---cpu-1---cpu-method-int64double--t-30-20260918_045917,10.45204355871354,null
taskset--c-0-stress-ng---cpu-1---cpu-method-int64double--t-30-20260918_050308.csv,10.451865709611365,0.01323354343934455
residual-stress-ng---cpu-1---cpu-method-int64double--t-30-20260918_050309,10.451865709611365,null
taskset--c-0-stress-ng---cpu-1---cpu-method-int64double--t-30-20260918_050701.csv,10.446246300503926,0.018594307916871028
residual-stress-ng---cpu-1---cpu-method-int64double--t-30-20260918_050701,10.446246300503926,null
taskset--c-0-stress-ng---cpu-1---cpu-method-int64double--t-30-20260918_051053.csv,10.427849354713413,0.023720649100991986
residual-stress-ng---cpu-1---cpu-method-int64double--t-30-20260918_051053,10.427849354713413,null
taskset--c-0-stress-ng---cpu-1---cpu-method-int64double--t-30-20260918_051445.csv,10.528866516225268,0.017154094894452875
residual-stress-ng---cpu-1---cpu-method-int64double--t-30-20260918_051445,10.528866516225268,null
taskset--c-0-stress-ng---cpu-1---cpu-method-int64double--t-30-20260918_051837.csv,10.533910441987945,0.007518111938211948
residual-stress-ng---cpu-1---cpu-method-int64double--t-30-20260918_051837,10.533910441987945,null
taskset--c-0-stress-ng---cpu-1---cpu-method-int64double--t-30-20260918_052229.csv,10.425603673779628,0.024989515969295422
residual-stress-ng---cpu-1---cpu-method-int64double--t-30-20260918_052229,10.425603673779628,null
taskset--c-0-stress-ng---cpu-1---cpu-method-int64double--t-30-20260918_052621.csv,10.564473016399669,0.011085392209308735
residual-stress-ng---cpu-1---cpu-method-int64double--t-30-20260918_052621,10.564473016399669,null
taskset--c-0-stress-ng---cpu-1---cpu-method-int64double--t-30-20260918_053013.csv,10.565094201368291,0.011231047665471583
residual-stress-ng---cpu-1---cpu-method-int64double--t-30-20260918_053013,10.565094201368291,null
taskset--c-0-stress-ng---cpu-1---cpu-method-int64double--t-30-20260918_053405.csv,10.455214893230217,0.015890943123207046
residual-stress-ng---cpu-1---cpu-method-int64double--t-30-20260918_053405,10.455214893230217,null
taskset--c-0-stress-ng---cpu-1---cpu-method-int64double--t-30-20260918_053757.csv,10.466063051723209,0.017281761826998688
residual-stress-ng---cpu-1---cpu-method-int64double--t-30-20260918_053757,10.466063051723209,null
taskset--c-0-stress-ng---cpu-1---cpu-method-int64double--t-30-20260918_054149.csv,10.539099428482979,0.026220708611307892
residual-stress-ng---cpu-1---cpu-method-int64double--t-30-20260918_054149,10.539099428482979,null
taskset--c-0-stress-ng---cpu-1---cpu-method-int64double--t-30-20260918_054541.csv,10.458078710756087,0.009758383669000543
residual-stress-ng---cpu-1---cpu-method-int64double--t-30-20260918_054541,10.458078710756087,null
taskset--c-0-stress-ng---matrix-1---matrix-method-prod--t-30-20260918_054933.csv,11.059519028435728,0.00855704289274071
residual-stress-ng---matrix-1---matrix-method-prod--t-30-20260918_054933,11.059519028435728,null
taskset--c-0-stress-ng---matrix-1---matrix-method-prod--t-30-20260918_055325.csv,11.045251103930742,0.011901179873916881
residual-stress-ng---matrix-1---matrix-method-prod--t-30-20260918_055325,11.045251103930742,null
taskset--c-0-stress-ng---matrix-1---matrix-method-prod--t-30-20260918_055717.csv,11.055527894710515,0.011635062566839102
residual-stress-ng---matrix-1---matrix-method-prod--t-30-20260918_055717,11.055527894710515,null
taskset--c-0-stress-ng---matrix-1---matrix-method-prod--t-30-20260918_060109.csv,11.06240422278199,0.010637764041728696
residual-stress-ng---matrix-1---matrix-method-prod--t-30-20260918_060109,11.06240422278199,null
taskset--c-0-stress-ng---matrix-1---matrix-method-prod--t-30-20260918_060501.csv,11.051675356092355,0.00735137618289354
residual-stress-ng---matrix-1---matrix-method-prod--t-30-20260918_060501,11.051675356092355,null
taskset--c-0-stress-ng---matrix-1---matrix-method-prod--t-30-20260918_060853.csv,11.06341424300325,0.006903734995658275
residual-stress-ng---matrix-1---matrix-method-prod--t-30-20260918_060854,11.06341424300325,null
taskset--c-0-stress-ng---matrix-1---matrix-method-prod--t-30-20260918_061245.csv,11.070259672600836,0.013626535671684068
residual-stress-ng---matrix-1---matrix-method-prod--t-30-20260918_061246,11.070259672600836,null
taskset--c-0-stress-ng---matrix-1---matrix-method-prod--t-30-20260918_061637.csv,11.056613864014311,0.008394644789023806
residual-stress-ng---matrix-1---matrix-method-prod--t-30-20260918_061638,11.056613864014311,null
taskset--c-0-stress-ng---matrix-1---matrix-method-prod--t-30-20260918_062030.csv,11.056693700690701,0.009718081539225447
residual-stress-ng---matrix-1---matrix-method-prod--t-30-20260918_062030,11.056693700690701,null
taskset--c-0-stress-ng---matrix-1---matrix-method-prod--t-30-20260918_062422.csv,11.084132771767361,0.017907607454198744
residual-stress-ng---matrix-1---matrix-method-prod--t-30-20260918_062422,11.084132771767361,null
taskset--c-0-stress-ng---matrix-1---matrix-method-prod--t-30-20260918_062814.csv,11.06989124931368,0.004732300678217238
residual-stress-ng---matrix-1---matrix-method-prod--t-30-20260918_062814,11.06989124931368,null
taskset--c-0-stress-ng---matrix-1---matrix-method-prod--t-30-20260918_063206.csv,11.071292266742422,0.012018640370610168
residual-stress-ng---matrix-1---matrix-method-prod--t-30-20260918_063206,11.071292266742422,null
taskset--c-0-stress-ng---matrix-1---matrix-method-prod--t-30-20260918_063557.csv,11.079414990860524,0.008138077992864359
residual-stress-ng---matrix-1---matrix-method-prod--t-30-20260918_063558,11.079414990860524,null
taskset--c-0-stress-ng---matrix-1---matrix-method-prod--t-30-20260918_063949.csv,11.05591029421243,0.011217367162751419
residual-stress-ng---matrix-1---matrix-method-prod--t-30-20260918_063950,11.05591029421243,null
taskset--c-0-stress-ng---matrix-1---matrix-method-prod--t-30-20260918_064341.csv,11.060242092116566,0.009185596675753098
residual-stress-ng---matrix-1---matrix-method-prod--t-30-20260918_064342,11.060242092116566,null
taskset--c-0-stress-ng---cpu-1---cpu-method-rand--t-30-20260918_064733.csv,9.542360419534234,0.007293814021635015
residual-stress-ng---cpu-1---cpu-method-rand--t-30-20260918_064734,9.542360419534234,null
taskset--c-0-stress-ng---cpu-1---cpu-method-rand--t-30-20260918_065125.csv,9.51932150710723,0.010335935704513155
residual-stress-ng---cpu-1---cpu-method-rand--t-30-20260918_065126,9.51932150710723,null
taskset--c-0-stress-ng---cpu-1---cpu-method-rand--t-30-20260918_065518.csv,9.556783052429704,0.008354371502657816
residual-stress-ng---cpu-1---cpu-method-rand--t-30-20260918_065518,9.556783052429704,null
taskset--c-0-stress-ng---cpu-1---cpu-method-rand--t-30-20260918_065910.csv,9.542754150200961,0.00603264733841826
residual-stress-ng---cpu-1---cpu-method-rand--t-30-20260918_065910,9.542754150200961,null
taskset--c-0-stress-ng---cpu-1---cpu-method-rand--t-30-20260918_070302.csv,9.536249491621707,0.009812090103029244
residual-stress-ng---cpu-1---cpu-method-rand--t-30-20260918_070302,9.536249491621707,null
taskset--c-0-stress-ng---cpu-1---cpu-method-rand--t-30-20260918_070654.csv,9.537549807575747,0.009161370886518392
residual-stress-ng---cpu-1---cpu-method-rand--t-30-20260918_070654,9.537549807575747,null
taskset--c-0-stress-ng---cpu-1---cpu-method-rand--t-30-20260918_071046.csv,9.543129829929999,0.011984109635495203
residual-stress-ng---cpu-1---cpu-method-rand--t-30-20260918_071046,9.543129829929999,null
taskset--c-0-stress-ng---cpu-1---cpu-method-rand--t-30-20260918_071438.csv,9.533824354392221,0.008443638767576428
residual-stress-ng---cpu-1---cpu-method-rand--t-30-20260918_071438,9.533824354392221,null
taskset--c-0-stress-ng---cpu-1---cpu-method-rand--t-30-20260918_071830.csv,9.527022979456286,0.016277594918714753
residual-stress-ng---cpu-1---cpu-method-rand--t-30-20260918_071830,9.527022979456286,null
taskset--c-0-stress-ng---cpu-1---cpu-method-rand--t-30-20260918_072222.csv,9.553872765321737,0.008926349567211863
residual-stress-ng---cpu-1---cpu-method-rand--t-30-20260918_072222,9.553872765321737,null
taskset--c-0-stress-ng---cpu-1---cpu-method-rand--t-30-20260918_072614.csv,9.552820468377416,0.006694230056746287
residual-stress-ng---cpu-1---cpu-method-rand--t-30-20260918_072614,9.552820468377416,null
taskset--c-0-stress-ng---cpu-1---cpu-method-rand--t-30-20260918_073006.csv,9.5594517867437,0.009196871319802272
residual-stress-ng---cpu-1---cpu-method-rand--t-30-20260918_073007,9.5594517867437,null
taskset--c-0-stress-ng---cpu-1---cpu-method-rand--t-30-20260918_073358.csv,9.530234627435046,0.01111169917058514
residual-stress-ng---cpu-1---cpu-method-rand--t-30-20260918_073359,9.530234627435046,null
taskset--c-0-stress-ng---cpu-1---cpu-method-rand--t-30-20260918_073751.csv,9.549441396737858,0.008936175323992577
residual-stress-ng---cpu-1---cpu-method-rand--t-30-20260918_073751,9.549441396737858,null
taskset--c-0-stress-ng---cpu-1---cpu-method-rand--t-30-20260918_074143.csv,9.555177648308486,0.01131299065209374
residual-stress-ng---cpu-1---cpu-method-rand--t-30-20260918_074143,9.555177648308486,null
taskset--c-0-stress-ng---cpu-1---cpu-method-jmp--t-30-20260918_074535.csv,10.034725290281948,0.021261099073325698
residual-stress-ng---cpu-1---cpu-method-jmp--t-30-20260918_074535,10.034725290281948,null
taskset--c-0-stress-ng---cpu-1---cpu-method-jmp--t-30-20260918_074927.csv,10.131011493534842,0.023884929860550755
residual-stress-ng---cpu-1---cpu-method-jmp--t-30-20260918_074927,10.131011493534842,null
taskset--c-0-stress-ng---cpu-1---cpu-method-jmp--t-30-20260918_075319.csv,10.025095741820676,0.025833789454831068
residual-stress-ng---cpu-1---cpu-method-jmp--t-30-20260918_075319,10.025095741820676,null
taskset--c-0-stress-ng---cpu-1---cpu-method-jmp--t-30-20260918_075711.csv,10.18859837705007,0.017426510507378774
residual-stress-ng---cpu-1---cpu-method-jmp--t-30-20260918_075711,10.18859837705007,null
taskset--c-0-stress-ng---cpu-1---cpu-method-jmp--t-30-20260918_080103.csv,9.98010279460193,0.02886525780922354
residual-stress-ng---cpu-1---cpu-method-jmp--t-30-20260918_080103,9.98010279460193,null
taskset--c-0-stress-ng---cpu-1---cpu-method-jmp--t-30-20260918_080455.csv,10.008031678171236,0.017233552033587084
residual-stress-ng---cpu-1---cpu-method-jmp--t-30-20260918_080455,10.008031678171236,null
taskset--c-0-stress-ng---cpu-1---cpu-method-jmp--t-30-20260918_080847.csv,9.993073594892236,0.022250378737956114
residual-stress-ng---cpu-1---cpu-method-jmp--t-30-20260918_080848,9.993073594892236,null
taskset--c-0-stress-ng---cpu-1---cpu-method-jmp--t-30-20260918_081239.csv,10.021899934124184,0.01703720745588349
residual-stress-ng---cpu-1---cpu-method-jmp--t-30-20260918_081240,10.021899934124184,null
taskset--c-0-stress-ng---cpu-1---cpu-method-jmp--t-30-20260918_081632.csv,9.974259439026714,0.011300143755727654
residual-stress-ng---cpu-1---cpu-method-jmp--t-30-20260918_081632,9.974259439026714,null
taskset--c-0-stress-ng---cpu-1---cpu-method-jmp--t-30-20260918_082024.csv,10.057395143151815,0.013285501892255618
residual-stress-ng---cpu-1---cpu-method-jmp--t-30-20260918_082024,10.057395143151815,null
taskset--c-0-stress-ng---cpu-1---cpu-method-jmp--t-30-20260918_082416.csv,10.11483888460686,0.031395641040402454
residual-stress-ng---cpu-1---cpu-method-jmp--t-30-20260918_082416,10.11483888460686,null
taskset--c-0-stress-ng---cpu-1---cpu-method-jmp--t-30-20260918_082808.csv,9.970293768215083,0.016719095226871525
residual-stress-ng---cpu-1---cpu-method-jmp--t-30-20260918_082808,9.970293768215083,null
taskset--c-0-stress-ng---cpu-1---cpu-method-jmp--t-30-20260918_083200.csv,10.153786229437873,0.017585858642322653
residual-stress-ng---cpu-1---cpu-method-jmp--t-30-20260918_083200,10.153786229437873,null
taskset--c-0-stress-ng---cpu-1---cpu-method-jmp--t-30-20260918_083552.csv,10.000390741315812,0.017916079176229827
residual-stress-ng---cpu-1---cpu-method-jmp--t-30-20260918_083552,10.000390741315812,null
taskset--c-0-stress-ng---cpu-1---cpu-method-jmp--t-30-20260918_083944.csv,10.068024924659266,0.028689351690096714
residual-stress-ng---cpu-1---cpu-method-jmp--t-30-20260918_083944,10.068024924659266,null
