scaphandreP1-stress-ng---cpu-3---cpu-method-ackermann--t-30-stress-ng---cpu-3---cpu-method-queens--t-30-20260927_210748.csv,12.14144207,0.0005737989342490781
scaphandreP2-stress-ng---cpu-3---cpu-method-ackermann--t-30-stress-ng---cpu-3---cpu-method-queens--t-30-20260927_210748.csv,11.87092976,0.0005737989342490781
scaphandreP1-stress-ng---cpu-3---cpu-method-ackermann--t-30-stress-ng---cpu-3---cpu-method-queens--t-30-20260927_211141.csv,12.10649801,0.0006748711005465989
scaphandreP2-stress-ng---cpu-3---cpu-method-ackermann--t-30-stress-ng---cpu-3---cpu-method-queens--t-30-20260927_211141.csv,11.816148690000002,0.0006748711005465989
scaphandreP1-stress-ng---cpu-3---cpu-method-ackermann--t-30-stress-ng---cpu-3---cpu-method-queens--t-30-20260927_211535.csv,11.852473300000002,0.0008390899876793742
scaphandreP2-stress-ng---cpu-3---cpu-method-ackermann--t-30-stress-ng---cpu-3---cpu-method-queens--t-30-20260927_211535.csv,12.116268330000002,0.0008390899876793742
scaphandreP1-stress-ng---cpu-3---cpu-method-ackermann--t-30-stress-ng---cpu-3---cpu-method-queens--t-30-20260927_211928.csv,12.10429624,0.000682077788950554
scaphandreP2-stress-ng---cpu-3---cpu-method-ackermann--t-30-stress-ng---cpu-3---cpu-method-queens--t-30-20260927_211928.csv,11.83938624,0.000682077788950554
scaphandreP1-stress-ng---cpu-3---cpu-method-ackermann--t-30-stress-ng---cpu-3---cpu-method-queens--t-30-20260927_212321.csv,11.898335529999999,0.0014351762330077164
scaphandreP2-stress-ng---cpu-3---cpu-method-ackermann--t-30-stress-ng---cpu-3---cpu-method-queens--t-30-20260927_212321.csv,12.13226457,0.0014351762330077164
scaphandreP1-stress-ng---cpu-3---cpu-method-ackermann--t-30-stress-ng---cpu-3---cpu-method-fibonacci--t-30-20260927_212715.csv,10.557261510000002,0.000683435704819641
scaphandreP2-stress-ng---cpu-3---cpu-method-ackermann--t-30-stress-ng---cpu-3---cpu-method-fibonacci--t-30-20260927_212715.csv,10.79366931,0.000683435704819641
scaphandreP1-stress-ng---cpu-3---cpu-method-ackermann--t-30-stress-ng---cpu-3---cpu-method-fibonacci--t-30-20260927_213108.csv,10.82455216,0.0006671850060305012
scaphandreP2-stress-ng---cpu-3---cpu-method-ackermann--t-30-stress-ng---cpu-3---cpu-method-fibonacci--t-30-20260927_213108.csv,10.564022139999999,0.0006671850060305012
scaphandreP1-stress-ng---cpu-3---cpu-method-ackermann--t-30-stress-ng---cpu-3---cpu-method-fibonacci--t-30-20260927_213502.csv,10.55632233,0.0006269586212541542
scaphandreP2-stress-ng---cpu-3---cpu-method-ackermann--t-30-stress-ng---cpu-3---cpu-method-fibonacci--t-30-20260927_213502.csv,10.79745734,0.0006269586212541542
scaphandreP1-stress-ng---cpu-3---cpu-method-ackermann--t-30-stress-ng---cpu-3---cpu-method-fibonacci--t-30-20260927_213855.csv,10.55640633,0.0004937199524598841
scaphandreP2-stress-ng---cpu-3---cpu-method-ackermann--t-30-stress-ng---cpu-3---cpu-method-fibonacci--t-30-20260927_213855.csv,10.81938643,0.0004937199524598841
scaphandreP1-stress-ng---cpu-3---cpu-method-ackermann--t-30-stress-ng---cpu-3---cpu-method-fibonacci--t-30-20260927_214248.csv,10.824993169999999,0.0007949304012576928
scaphandreP2-stress-ng---cpu-3---cpu-method-ackermann--t-30-stress-ng---cpu-3---cpu-method-fibonacci--t-30-20260927_214248.csv,10.587715900000003,0.0007949304012576928
scaphandreP1-stress-ng---cpu-3---cpu-method-ackermann--t-30-stress-ng---cpu-3---cpu-method-float--t-30-20260927_214642.csv,11.55969943,0.0004710200288984733
scaphandreP2-stress-ng---cpu-3---cpu-method-ackermann--t-30-stress-ng---cpu-3---cpu-method-float--t-30-20260927_214642.csv,11.26865406,0.0004710200288984733
scaphandreP1-stress-ng---cpu-3---cpu-method-ackermann--t-30-stress-ng---cpu-3---cpu-method-float--t-30-20260927_215035.csv,11.53642678,0.0010582546269704153
scaphandreP2-stress-ng---cpu-3---cpu-method-ackermann--t-30-stress-ng---cpu-3---cpu-method-float--t-30-20260927_215035.csv,11.30774202,0.0010582546269704153
scaphandreP1-stress-ng---cpu-3---cpu-method-ackermann--t-30-stress-ng---cpu-3---cpu-method-float--t-30-20260927_215428.csv,11.58198975,0.0004929687772745299
scaphandreP2-stress-ng---cpu-3---cpu-method-ackermann--t-30-stress-ng---cpu-3---cpu-method-float--t-30-20260927_215428.csv,11.294933580000002,0.0004929687772745299
scaphandreP1-stress-ng---cpu-3---cpu-method-ackermann--t-30-stress-ng---cpu-3---cpu-method-float--t-30-20260927_215822.csv,11.564823310000001,0.0004436488639643386
scaphandreP2-stress-ng---cpu-3---cpu-method-ackermann--t-30-stress-ng---cpu-3---cpu-method-float--t-30-20260927_215822.csv,11.27489368,0.0004436488639643386
scaphandreP1-stress-ng---cpu-3---cpu-method-ackermann--t-30-stress-ng---cpu-3---cpu-method-float--t-30-20260927_220215.csv,11.57464098,0.0012127214189197229
scaphandreP2-stress-ng---cpu-3---cpu-method-ackermann--t-30-stress-ng---cpu-3---cpu-method-float--t-30-20260927_220215.csv,11.29952063,0.0012127214189197229
scaphandreP1-stress-ng---cpu-3---cpu-method-ackermann--t-30-stress-ng---cpu-3---cpu-method-int64--t-30-20260927_220608.csv,11.07491424,0.0006561752188347309
scaphandreP2-stress-ng---cpu-3---cpu-method-ackermann--t-30-stress-ng---cpu-3---cpu-method-int64--t-30-20260927_220608.csv,10.80248725,0.0006561752188347309
scaphandreP1-stress-ng---cpu-3---cpu-method-ackermann--t-30-stress-ng---cpu-3---cpu-method-int64--t-30-20260927_221002.csv,11.08359792,0.0005974637896472054
scaphandreP2-stress-ng---cpu-3---cpu-method-ackermann--t-30-stress-ng---cpu-3---cpu-method-int64--t-30-20260927_221002.csv,10.84090635,0.0005974637896472054
scaphandreP1-stress-ng---cpu-3---cpu-method-ackermann--t-30-stress-ng---cpu-3---cpu-method-int64--t-30-20260927_221355.csv,10.767154609999999,0.0005528515072902139
scaphandreP2-stress-ng---cpu-3---cpu-method-ackermann--t-30-stress-ng---cpu-3---cpu-method-int64--t-30-20260927_221355.csv,11.040008790000002,0.0005528515072902139
scaphandreP1-stress-ng---cpu-3---cpu-method-ackermann--t-30-stress-ng---cpu-3---cpu-method-int64--t-30-20260927_221749.csv,11.12066842,0.0005338241210221256
scaphandreP2-stress-ng---cpu-3---cpu-method-ackermann--t-30-stress-ng---cpu-3---cpu-method-int64--t-30-20260927_221749.csv,10.85327623,0.0005338241210221256
scaphandreP1-stress-ng---cpu-3---cpu-method-ackermann--t-30-stress-ng---cpu-3---cpu-method-int64--t-30-20260927_222142.csv,11.04629724,0.0008576690600185496
scaphandreP2-stress-ng---cpu-3---cpu-method-ackermann--t-30-stress-ng---cpu-3---cpu-method-int64--t-30-20260927_222142.csv,10.77590342,0.0008576690600185496
scaphandreP1-stress-ng---cpu-3---cpu-method-ackermann--t-30-stress-ng---cpu-3---cpu-method-double--t-30-20260927_222536.csv,11.99027537,0.0009764431362885584
scaphandreP2-stress-ng---cpu-3---cpu-method-ackermann--t-30-stress-ng---cpu-3---cpu-method-double--t-30-20260927_222536.csv,12.26304267,0.0009764431362885584
scaphandreP1-stress-ng---cpu-3---cpu-method-ackermann--t-30-stress-ng---cpu-3---cpu-method-double--t-30-20260927_222929.csv,12.25438739,0.0007693562435760283
scaphandreP2-stress-ng---cpu-3---cpu-method-ackermann--t-30-stress-ng---cpu-3---cpu-method-double--t-30-20260927_222929.csv,11.99588244,0.0007693562435760283
scaphandreP1-stress-ng---cpu-3---cpu-method-ackermann--t-30-stress-ng---cpu-3---cpu-method-double--t-30-20260927_223323.csv,11.968837370000001,0.0012449845186515726
scaphandreP2-stress-ng---cpu-3---cpu-method-ackermann--t-30-stress-ng---cpu-3---cpu-method-double--t-30-20260927_223323.csv,12.243525290000001,0.0012449845186515726
scaphandreP1-stress-ng---cpu-3---cpu-method-ackermann--t-30-stress-ng---cpu-3---cpu-method-double--t-30-20260927_223716.csv,11.980735300000001,0.0005889212842467371
scaphandreP2-stress-ng---cpu-3---cpu-method-ackermann--t-30-stress-ng---cpu-3---cpu-method-double--t-30-20260927_223716.csv,12.272173949999999,0.0005889212842467371
scaphandreP1-stress-ng---cpu-3---cpu-method-ackermann--t-30-stress-ng---cpu-3---cpu-method-double--t-30-20260927_224109.csv,11.95313968,0.0004436107413694813
scaphandreP2-stress-ng---cpu-3---cpu-method-ackermann--t-30-stress-ng---cpu-3---cpu-method-double--t-30-20260927_224109.csv,12.22291221,0.0004436107413694813
scaphandreP1-stress-ng---cpu-3---cpu-method-ackermann--t-30-stress-ng---cpu-3---cpu-method-int64float--t-30-20260927_224503.csv,12.276932010000001,0.0007904974419711737
scaphandreP2-stress-ng---cpu-3---cpu-method-ackermann--t-30-stress-ng---cpu-3---cpu-method-int64float--t-30-20260927_224503.csv,11.99411499,0.0007904974419711737
scaphandreP1-stress-ng---cpu-3---cpu-method-ackermann--t-30-stress-ng---cpu-3---cpu-method-int64float--t-30-20260927_224856.csv,12.027556830000002,0.0011000605432888132
scaphandreP2-stress-ng---cpu-3---cpu-method-ackermann--t-30-stress-ng---cpu-3---cpu-method-int64float--t-30-20260927_224856.csv,12.28583441,0.0011000605432888132
scaphandreP1-stress-ng---cpu-3---cpu-method-ackermann--t-30-stress-ng---cpu-3---cpu-method-int64float--t-30-20260927_225250.csv,12.25441123,0.0011103710308582014
scaphandreP2-stress-ng---cpu-3---cpu-method-ackermann--t-30-stress-ng---cpu-3---cpu-method-int64float--t-30-20260927_225250.csv,12.01103571,0.0011103710308582014
scaphandreP1-stress-ng---cpu-3---cpu-method-ackermann--t-30-stress-ng---cpu-3---cpu-method-int64float--t-30-20260927_225643.csv,12.00387436,0.0008801331078922944
scaphandreP2-stress-ng---cpu-3---cpu-method-ackermann--t-30-stress-ng---cpu-3---cpu-method-int64float--t-30-20260927_225643.csv,12.288096470000001,0.0008801331078922944
scaphandreP1-stress-ng---cpu-3---cpu-method-ackermann--t-30-stress-ng---cpu-3---cpu-method-int64float--t-30-20260927_230037.csv,12.26405189,0.0007086467481140855
scaphandreP2-stress-ng---cpu-3---cpu-method-ackermann--t-30-stress-ng---cpu-3---cpu-method-int64float--t-30-20260927_230037.csv,11.967639949999999,0.0007086467481140855
scaphandreP1-stress-ng---cpu-3---cpu-method-ackermann--t-30-stress-ng---cpu-3---cpu-method-int64double--t-30-20260927_230430.csv,11.687321370000001,0.0007608061900980067
scaphandreP2-stress-ng---cpu-3---cpu-method-ackermann--t-30-stress-ng---cpu-3---cpu-method-int64double--t-30-20260927_230430.csv,11.937395650000001,0.0007608061900980067
scaphandreP1-stress-ng---cpu-3---cpu-method-ackermann--t-30-stress-ng---cpu-3---cpu-method-int64double--t-30-20260927_230823.csv,11.96340848,0.0006268750100582781
scaphandreP2-stress-ng---cpu-3---cpu-method-ackermann--t-30-stress-ng---cpu-3---cpu-method-int64double--t-30-20260927_230823.csv,11.675462190000001,0.0006268750100582781
scaphandreP1-stress-ng---cpu-3---cpu-method-ackermann--t-30-stress-ng---cpu-3---cpu-method-int64double--t-30-20260927_231217.csv,11.92755675,0.0006404533851578482
scaphandreP2-stress-ng---cpu-3---cpu-method-ackermann--t-30-stress-ng---cpu-3---cpu-method-int64double--t-30-20260927_231217.csv,11.70225081,0.0006404533851578482
scaphandreP1-stress-ng---cpu-3---cpu-method-ackermann--t-30-stress-ng---cpu-3---cpu-method-int64double--t-30-20260927_231610.csv,11.94058236,0.000420588083517125
scaphandreP2-stress-ng---cpu-3---cpu-method-ackermann--t-30-stress-ng---cpu-3---cpu-method-int64double--t-30-20260927_231610.csv,11.67211166,0.000420588083517125
scaphandreP1-stress-ng---cpu-3---cpu-method-ackermann--t-30-stress-ng---cpu-3---cpu-method-int64double--t-30-20260927_232004.csv,11.983878559999999,0.0007179526569160235
scaphandreP2-stress-ng---cpu-3---cpu-method-ackermann--t-30-stress-ng---cpu-3---cpu-method-int64double--t-30-20260927_232004.csv,11.722584750000001,0.0007179526569160235
scaphandreP1-stress-ng---cpu-3---cpu-method-ackermann--t-30-stress-ng---matrix-3---matrix-method-prod--t-30-20260927_232357.csv,12.3877085,0.0009057895960098054
scaphandreP2-stress-ng---cpu-3---cpu-method-ackermann--t-30-stress-ng---matrix-3---matrix-method-prod--t-30-20260927_232357.csv,12.645238580000003,0.0009057895960098054
scaphandreP1-stress-ng---cpu-3---cpu-method-ackermann--t-30-stress-ng---matrix-3---matrix-method-prod--t-30-20260927_232751.csv,12.72818032,0.0005524355834710846
scaphandreP2-stress-ng---cpu-3---cpu-method-ackermann--t-30-stress-ng---matrix-3---matrix-method-prod--t-30-20260927_232751.csv,12.44780839,0.0005524355834710846
scaphandreP1-stress-ng---cpu-3---cpu-method-ackermann--t-30-stress-ng---matrix-3---matrix-method-prod--t-30-20260927_233144.csv,12.7096749,0.0004912945735775832
scaphandreP2-stress-ng---cpu-3---cpu-method-ackermann--t-30-stress-ng---matrix-3---matrix-method-prod--t-30-20260927_233144.csv,12.442422619999999,0.0004912945735775832
scaphandreP1-stress-ng---cpu-3---cpu-method-ackermann--t-30-stress-ng---matrix-3---matrix-method-prod--t-30-20260927_233537.csv,12.484412559999999,0.0008238883826362425
scaphandreP2-stress-ng---cpu-3---cpu-method-ackermann--t-30-stress-ng---matrix-3---matrix-method-prod--t-30-20260927_233537.csv,12.7576923,0.0008238883826362425
scaphandreP1-stress-ng---cpu-3---cpu-method-ackermann--t-30-stress-ng---matrix-3---matrix-method-prod--t-30-20260927_233931.csv,12.70358405,0.0005575903583083998
scaphandreP2-stress-ng---cpu-3---cpu-method-ackermann--t-30-stress-ng---matrix-3---matrix-method-prod--t-30-20260927_233931.csv,12.444111509999999,0.0005575903583083998
scaphandreP1-stress-ng---cpu-3---cpu-method-ackermann--t-30-stress-ng---cpu-3---cpu-method-rand--t-30-20260927_234324.csv,10.370554080000002,0.0011449967196133766
scaphandreP2-stress-ng---cpu-3---cpu-method-ackermann--t-30-stress-ng---cpu-3---cpu-method-rand--t-30-20260927_234324.csv,10.589089320000001,0.0011449967196133766
scaphandreP1-stress-ng---cpu-3---cpu-method-ackermann--t-30-stress-ng---cpu-3---cpu-method-rand--t-30-20260927_234718.csv,10.32942525,0.0006572353782419051
scaphandreP2-stress-ng---cpu-3---cpu-method-ackermann--t-30-stress-ng---cpu-3---cpu-method-rand--t-30-20260927_234718.csv,10.55141166,0.0006572353782419051
scaphandreP1-stress-ng---cpu-3---cpu-method-ackermann--t-30-stress-ng---cpu-3---cpu-method-rand--t-30-20260927_235111.csv,10.34582948,0.0008181652836452097
scaphandreP2-stress-ng---cpu-3---cpu-method-ackermann--t-30-stress-ng---cpu-3---cpu-method-rand--t-30-20260927_235111.csv,10.605359180000002,0.0008181652836452097
scaphandreP1-stress-ng---cpu-3---cpu-method-ackermann--t-30-stress-ng---cpu-3---cpu-method-rand--t-30-20260927_235504.csv,10.34656867,0.0006681941045735878
scaphandreP2-stress-ng---cpu-3---cpu-method-ackermann--t-30-stress-ng---cpu-3---cpu-method-rand--t-30-20260927_235504.csv,10.58013467,0.0006681941045735878
scaphandreP1-stress-ng---cpu-3---cpu-method-ackermann--t-30-stress-ng---cpu-3---cpu-method-rand--t-30-20260927_235858.csv,10.36252476,0.000615133984388142
scaphandreP2-stress-ng---cpu-3---cpu-method-ackermann--t-30-stress-ng---cpu-3---cpu-method-rand--t-30-20260927_235858.csv,10.592335069999999,0.000615133984388142
scaphandreP1-stress-ng---cpu-3---cpu-method-ackermann--t-30-stress-ng---cpu-3---cpu-method-jmp--t-30-20260928_000251.csv,11.19937949,0.00039698474652947834
scaphandreP2-stress-ng---cpu-3---cpu-method-ackermann--t-30-stress-ng---cpu-3---cpu-method-jmp--t-30-20260928_000251.csv,11.45615316,0.00039698474652947834
scaphandreP1-stress-ng---cpu-3---cpu-method-ackermann--t-30-stress-ng---cpu-3---cpu-method-jmp--t-30-20260928_000644.csv,11.17493901,0.0005994286659580577
scaphandreP2-stress-ng---cpu-3---cpu-method-ackermann--t-30-stress-ng---cpu-3---cpu-method-jmp--t-30-20260928_000644.csv,11.43026291,0.0005994286659580577
scaphandreP1-stress-ng---cpu-3---cpu-method-ackermann--t-30-stress-ng---cpu-3---cpu-method-jmp--t-30-20260928_001037.csv,11.39920138,0.0006202220262092731
scaphandreP2-stress-ng---cpu-3---cpu-method-ackermann--t-30-stress-ng---cpu-3---cpu-method-jmp--t-30-20260928_001037.csv,11.12375448,0.0006202220262092731
scaphandreP1-stress-ng---cpu-3---cpu-method-ackermann--t-30-stress-ng---cpu-3---cpu-method-jmp--t-30-20260928_001431.csv,11.18756134,0.0006597022959237534
scaphandreP2-stress-ng---cpu-3---cpu-method-ackermann--t-30-stress-ng---cpu-3---cpu-method-jmp--t-30-20260928_001431.csv,11.47627795,0.0006597022959237534
scaphandreP1-stress-ng---cpu-3---cpu-method-ackermann--t-30-stress-ng---cpu-3---cpu-method-jmp--t-30-20260928_001824.csv,11.15844936,0.0005750352442612185
scaphandreP2-stress-ng---cpu-3---cpu-method-ackermann--t-30-stress-ng---cpu-3---cpu-method-jmp--t-30-20260928_001824.csv,11.40305159,0.0005750352442612185
scaphandreP1-stress-ng---cpu-3---cpu-method-queens--t-30-stress-ng---cpu-3---cpu-method-fibonacci--t-30-20260928_002218.csv,10.738576349999999,0.0008308171966268337
scaphandreP2-stress-ng---cpu-3---cpu-method-queens--t-30-stress-ng---cpu-3---cpu-method-fibonacci--t-30-20260928_002218.csv,10.97998742,0.0008308171966268337
scaphandreP1-stress-ng---cpu-3---cpu-method-queens--t-30-stress-ng---cpu-3---cpu-method-fibonacci--t-30-20260928_002611.csv,10.759433739999999,0.0006022057181299258
scaphandreP2-stress-ng---cpu-3---cpu-method-queens--t-30-stress-ng---cpu-3---cpu-method-fibonacci--t-30-20260928_002611.csv,10.954994459999998,0.0006022057181299258
scaphandreP1-stress-ng---cpu-3---cpu-method-queens--t-30-stress-ng---cpu-3---cpu-method-fibonacci--t-30-20260928_003005.csv,10.94339668,0.0015745620009472452
scaphandreP2-stress-ng---cpu-3---cpu-method-queens--t-30-stress-ng---cpu-3---cpu-method-fibonacci--t-30-20260928_003005.csv,10.76757075,0.0015745620009472452
scaphandreP1-stress-ng---cpu-3---cpu-method-queens--t-30-stress-ng---cpu-3---cpu-method-fibonacci--t-30-20260928_003358.csv,10.6851392,0.0004685621490914861
scaphandreP2-stress-ng---cpu-3---cpu-method-queens--t-30-stress-ng---cpu-3---cpu-method-fibonacci--t-30-20260928_003358.csv,10.967490640000001,0.0004685621490914861
scaphandreP1-stress-ng---cpu-3---cpu-method-queens--t-30-stress-ng---cpu-3---cpu-method-fibonacci--t-30-20260928_003752.csv,11.009589309999999,0.0008244471638540901
scaphandreP2-stress-ng---cpu-3---cpu-method-queens--t-30-stress-ng---cpu-3---cpu-method-fibonacci--t-30-20260928_003752.csv,10.746072419999997,0.0008244471638540901
scaphandreP1-stress-ng---cpu-3---cpu-method-queens--t-30-stress-ng---cpu-3---cpu-method-float--t-30-20260928_004145.csv,11.74035212,0.0005632207042628831
scaphandreP2-stress-ng---cpu-3---cpu-method-queens--t-30-stress-ng---cpu-3---cpu-method-float--t-30-20260928_004145.csv,11.460357940000002,0.0005632207042628831
scaphandreP1-stress-ng---cpu-3---cpu-method-queens--t-30-stress-ng---cpu-3---cpu-method-float--t-30-20260928_004539.csv,11.706525390000001,0.001021782044071599
scaphandreP2-stress-ng---cpu-3---cpu-method-queens--t-30-stress-ng---cpu-3---cpu-method-float--t-30-20260928_004539.csv,11.475165559999999,0.001021782044071599
scaphandreP1-stress-ng---cpu-3---cpu-method-queens--t-30-stress-ng---cpu-3---cpu-method-float--t-30-20260928_004932.csv,11.44127231,0.0004478079424638212
scaphandreP2-stress-ng---cpu-3---cpu-method-queens--t-30-stress-ng---cpu-3---cpu-method-float--t-30-20260928_004932.csv,11.72923126,0.0004478079424638212
scaphandreP1-stress-ng---cpu-3---cpu-method-queens--t-30-stress-ng---cpu-3---cpu-method-float--t-30-20260928_005326.csv,11.4441161,0.0008485347356559135
scaphandreP2-stress-ng---cpu-3---cpu-method-queens--t-30-stress-ng---cpu-3---cpu-method-float--t-30-20260928_005326.csv,11.7311547,0.0008485347356559135
scaphandreP1-stress-ng---cpu-3---cpu-method-queens--t-30-stress-ng---cpu-3---cpu-method-float--t-30-20260928_005720.csv,11.45549433,0.0006457138824549318
scaphandreP2-stress-ng---cpu-3---cpu-method-queens--t-30-stress-ng---cpu-3---cpu-method-float--t-30-20260928_005720.csv,11.715302239999998,0.0006457138824549318
scaphandreP1-stress-ng---cpu-3---cpu-method-queens--t-30-stress-ng---cpu-3---cpu-method-int64--t-30-20260928_010113.csv,11.24414878,0.0007985250205057372
scaphandreP2-stress-ng---cpu-3---cpu-method-queens--t-30-stress-ng---cpu-3---cpu-method-int64--t-30-20260928_010113.csv,10.98584041,0.0007985250205057372
scaphandreP1-stress-ng---cpu-3---cpu-method-queens--t-30-stress-ng---cpu-3---cpu-method-int64--t-30-20260928_010507.csv,11.212146890000001,0.000555921466414862
scaphandreP2-stress-ng---cpu-3---cpu-method-queens--t-30-stress-ng---cpu-3---cpu-method-int64--t-30-20260928_010507.csv,10.9634155,0.000555921466414862
scaphandreP1-stress-ng---cpu-3---cpu-method-queens--t-30-stress-ng---cpu-3---cpu-method-int64--t-30-20260928_010900.csv,11.04402588,0.0007599326777948748
scaphandreP2-stress-ng---cpu-3---cpu-method-queens--t-30-stress-ng---cpu-3---cpu-method-int64--t-30-20260928_010900.csv,11.2439495,0.0007599326777948748
scaphandreP1-stress-ng---cpu-3---cpu-method-queens--t-30-stress-ng---cpu-3---cpu-method-int64--t-30-20260928_011254.csv,11.24495591,0.0006260747955038595
scaphandreP2-stress-ng---cpu-3---cpu-method-queens--t-30-stress-ng---cpu-3---cpu-method-int64--t-30-20260928_011254.csv,10.9614168,0.0006260747955038595
scaphandreP1-stress-ng---cpu-3---cpu-method-queens--t-30-stress-ng---cpu-3---cpu-method-int64--t-30-20260928_011647.csv,11.20357675,0.0014650791091579598
scaphandreP2-stress-ng---cpu-3---cpu-method-queens--t-30-stress-ng---cpu-3---cpu-method-int64--t-30-20260928_011647.csv,10.95881818,0.0014650791091579598
scaphandreP1-stress-ng---cpu-3---cpu-method-queens--t-30-stress-ng---cpu-3---cpu-method-double--t-30-20260928_012041.csv,12.259910309999999,0.0008341318006496632
scaphandreP2-stress-ng---cpu-3---cpu-method-queens--t-30-stress-ng---cpu-3---cpu-method-double--t-30-20260928_012041.csv,12.0264634,0.0008341318006496632
scaphandreP1-stress-ng---cpu-3---cpu-method-queens--t-30-stress-ng---cpu-3---cpu-method-double--t-30-20260928_012435.csv,12.264065870000001,0.0006799893029441679
scaphandreP2-stress-ng---cpu-3---cpu-method-queens--t-30-stress-ng---cpu-3---cpu-method-double--t-30-20260928_012435.csv,12.00772563,0.0006799893029441679
scaphandreP1-stress-ng---cpu-3---cpu-method-queens--t-30-stress-ng---cpu-3---cpu-method-double--t-30-20260928_012829.csv,12.062284669999999,0.0009236371332412556
scaphandreP2-stress-ng---cpu-3---cpu-method-queens--t-30-stress-ng---cpu-3---cpu-method-double--t-30-20260928_012829.csv,12.309336120000001,0.0009236371332412556
scaphandreP1-stress-ng---cpu-3---cpu-method-queens--t-30-stress-ng---cpu-3---cpu-method-double--t-30-20260928_013222.csv,12.311002550000001,0.00032651325627643053
scaphandreP2-stress-ng---cpu-3---cpu-method-queens--t-30-stress-ng---cpu-3---cpu-method-double--t-30-20260928_013222.csv,12.037894249999999,0.00032651325627643053
scaphandreP1-stress-ng---cpu-3---cpu-method-queens--t-30-stress-ng---cpu-3---cpu-method-double--t-30-20260928_013616.csv,12.29891216,0.0008488391180575346
scaphandreP2-stress-ng---cpu-3---cpu-method-queens--t-30-stress-ng---cpu-3---cpu-method-double--t-30-20260928_013616.csv,11.99670246,0.0008488391180575346
scaphandreP1-stress-ng---cpu-3---cpu-method-queens--t-30-stress-ng---cpu-3---cpu-method-int64float--t-30-20260928_014009.csv,12.488823810000001,0.0011390211110897399
scaphandreP2-stress-ng---cpu-3---cpu-method-queens--t-30-stress-ng---cpu-3---cpu-method-int64float--t-30-20260928_014009.csv,12.19644775,0.0011390211110897399
scaphandreP1-stress-ng---cpu-3---cpu-method-queens--t-30-stress-ng---cpu-3---cpu-method-int64float--t-30-20260928_014402.csv,12.44010449,0.0005508577203001279
scaphandreP2-stress-ng---cpu-3---cpu-method-queens--t-30-stress-ng---cpu-3---cpu-method-int64float--t-30-20260928_014402.csv,12.16422884,0.0005508577203001279
scaphandreP1-stress-ng---cpu-3---cpu-method-queens--t-30-stress-ng---cpu-3---cpu-method-int64float--t-30-20260928_014755.csv,12.15389998,0.0009647637190347165
scaphandreP2-stress-ng---cpu-3---cpu-method-queens--t-30-stress-ng---cpu-3---cpu-method-int64float--t-30-20260928_014755.csv,12.45591952,0.0009647637190347165
scaphandreP1-stress-ng---cpu-3---cpu-method-queens--t-30-stress-ng---cpu-3---cpu-method-int64float--t-30-20260928_015149.csv,12.21409625,0.00038678044783574026
scaphandreP2-stress-ng---cpu-3---cpu-method-queens--t-30-stress-ng---cpu-3---cpu-method-int64float--t-30-20260928_015149.csv,12.4785246,0.00038678044783574026
scaphandreP1-stress-ng---cpu-3---cpu-method-queens--t-30-stress-ng---cpu-3---cpu-method-int64float--t-30-20260928_015542.csv,12.438537069999999,0.000957639506071412
scaphandreP2-stress-ng---cpu-3---cpu-method-queens--t-30-stress-ng---cpu-3---cpu-method-int64float--t-30-20260928_015542.csv,12.168125980000001,0.000957639506071412
scaphandreP1-stress-ng---cpu-3---cpu-method-queens--t-30-stress-ng---cpu-3---cpu-method-int64double--t-30-20260928_015936.csv,11.834834390000001,0.0007135661426335903
scaphandreP2-stress-ng---cpu-3---cpu-method-queens--t-30-stress-ng---cpu-3---cpu-method-int64double--t-30-20260928_015936.csv,12.125964580000002,0.0007135661426335903
scaphandreP1-stress-ng---cpu-3---cpu-method-queens--t-30-stress-ng---cpu-3---cpu-method-int64double--t-30-20260928_020329.csv,11.82511846,0.0008936929070376134
scaphandreP2-stress-ng---cpu-3---cpu-method-queens--t-30-stress-ng---cpu-3---cpu-method-int64double--t-30-20260928_020329.csv,12.13044144,0.0008936929070376134
scaphandreP1-stress-ng---cpu-3---cpu-method-queens--t-30-stress-ng---cpu-3---cpu-method-int64double--t-30-20260928_020723.csv,12.11629013,0.0006925715435627336
scaphandreP2-stress-ng---cpu-3---cpu-method-queens--t-30-stress-ng---cpu-3---cpu-method-int64double--t-30-20260928_020723.csv,11.85294701,0.0006925715435627336
scaphandreP1-stress-ng---cpu-3---cpu-method-queens--t-30-stress-ng---cpu-3---cpu-method-int64double--t-30-20260928_021116.csv,12.108802429999999,0.0005768446754599451
scaphandreP2-stress-ng---cpu-3---cpu-method-queens--t-30-stress-ng---cpu-3---cpu-method-int64double--t-30-20260928_021116.csv,11.836779489999998,0.0005768446754599451
scaphandreP1-stress-ng---cpu-3---cpu-method-queens--t-30-stress-ng---cpu-3---cpu-method-int64double--t-30-20260928_021509.csv,12.117251790000001,0.001015779062800732
scaphandreP2-stress-ng---cpu-3---cpu-method-queens--t-30-stress-ng---cpu-3---cpu-method-int64double--t-30-20260928_021509.csv,11.8140591,0.001015779062800732
scaphandreP1-stress-ng---cpu-3---cpu-method-queens--t-30-stress-ng---matrix-3---matrix-method-prod--t-30-20260928_021903.csv,12.68244024,0.0008440922633900896
scaphandreP2-stress-ng---cpu-3---cpu-method-queens--t-30-stress-ng---matrix-3---matrix-method-prod--t-30-20260928_021903.csv,12.93475595,0.0008440922633900896
scaphandreP1-stress-ng---cpu-3---cpu-method-queens--t-30-stress-ng---matrix-3---matrix-method-prod--t-30-20260928_022256.csv,12.900668699999999,0.000842983244806941
scaphandreP2-stress-ng---cpu-3---cpu-method-queens--t-30-stress-ng---matrix-3---matrix-method-prod--t-30-20260928_022256.csv,12.626331440000001,0.000842983244806941
scaphandreP1-stress-ng---cpu-3---cpu-method-queens--t-30-stress-ng---matrix-3---matrix-method-prod--t-30-20260928_022650.csv,12.64090599,0.0007158512405582707
scaphandreP2-stress-ng---cpu-3---cpu-method-queens--t-30-stress-ng---matrix-3---matrix-method-prod--t-30-20260928_022650.csv,12.9714106,0.0007158512405582707
scaphandreP1-stress-ng---cpu-3---cpu-method-queens--t-30-stress-ng---matrix-3---matrix-method-prod--t-30-20260928_023044.csv,12.903469099999999,0.0005908632219579459
scaphandreP2-stress-ng---cpu-3---cpu-method-queens--t-30-stress-ng---matrix-3---matrix-method-prod--t-30-20260928_023044.csv,12.58341606,0.0005908632219579459
scaphandreP1-stress-ng---cpu-3---cpu-method-queens--t-30-stress-ng---matrix-3---matrix-method-prod--t-30-20260928_023437.csv,12.655819880000001,0.0006037366113470106
scaphandreP2-stress-ng---cpu-3---cpu-method-queens--t-30-stress-ng---matrix-3---matrix-method-prod--t-30-20260928_023437.csv,12.939823050000001,0.0006037366113470106
scaphandreP1-stress-ng---cpu-3---cpu-method-queens--t-30-stress-ng---cpu-3---cpu-method-rand--t-30-20260928_023831.csv,10.760615309999999,0.0008987523186580738
scaphandreP2-stress-ng---cpu-3---cpu-method-queens--t-30-stress-ng---cpu-3---cpu-method-rand--t-30-20260928_023831.csv,10.55056167,0.0008987523186580738
scaphandreP1-stress-ng---cpu-3---cpu-method-queens--t-30-stress-ng---cpu-3---cpu-method-rand--t-30-20260928_024224.csv,10.521798449999999,0.000480687103742123
scaphandreP2-stress-ng---cpu-3---cpu-method-queens--t-30-stress-ng---cpu-3---cpu-method-rand--t-30-20260928_024224.csv,10.7935925,0.000480687103742123
scaphandreP1-stress-ng---cpu-3---cpu-method-queens--t-30-stress-ng---cpu-3---cpu-method-rand--t-30-20260928_024618.csv,10.81879982,0.0006925039860882064
scaphandreP2-stress-ng---cpu-3---cpu-method-queens--t-30-stress-ng---cpu-3---cpu-method-rand--t-30-20260928_024618.csv,10.55553526,0.0006925039860882064
scaphandreP1-stress-ng---cpu-3---cpu-method-queens--t-30-stress-ng---cpu-3---cpu-method-rand--t-30-20260928_025011.csv,10.51845823,0.0010291391826906541
scaphandreP2-stress-ng---cpu-3---cpu-method-queens--t-30-stress-ng---cpu-3---cpu-method-rand--t-30-20260928_025011.csv,10.76131209,0.0010291391826906541
scaphandreP1-stress-ng---cpu-3---cpu-method-queens--t-30-stress-ng---cpu-3---cpu-method-rand--t-30-20260928_025404.csv,10.80450908,0.0006625613010383382
scaphandreP2-stress-ng---cpu-3---cpu-method-queens--t-30-stress-ng---cpu-3---cpu-method-rand--t-30-20260928_025404.csv,10.53981239,0.0006625613010383382
scaphandreP1-stress-ng---cpu-3---cpu-method-queens--t-30-stress-ng---cpu-3---cpu-method-jmp--t-30-20260928_025758.csv,11.293471330000003,0.0002525822988593144
scaphandreP2-stress-ng---cpu-3---cpu-method-queens--t-30-stress-ng---cpu-3---cpu-method-jmp--t-30-20260928_025758.csv,11.55162005,0.0002525822988593144
scaphandreP1-stress-ng---cpu-3---cpu-method-queens--t-30-stress-ng---cpu-3---cpu-method-jmp--t-30-20260928_030152.csv,11.556375459999998,0.00035434048604035924
scaphandreP2-stress-ng---cpu-3---cpu-method-queens--t-30-stress-ng---cpu-3---cpu-method-jmp--t-30-20260928_030152.csv,11.305018689999999,0.00035434048604035924
scaphandreP1-stress-ng---cpu-3---cpu-method-queens--t-30-stress-ng---cpu-3---cpu-method-jmp--t-30-20260928_030545.csv,11.56539877,0.0007121049998622002
scaphandreP2-stress-ng---cpu-3---cpu-method-queens--t-30-stress-ng---cpu-3---cpu-method-jmp--t-30-20260928_030545.csv,11.29569402,0.0007121049998622002
scaphandreP1-stress-ng---cpu-3---cpu-method-queens--t-30-stress-ng---cpu-3---cpu-method-jmp--t-30-20260928_030938.csv,11.555184809999998,0.0009084795238126666
scaphandreP2-stress-ng---cpu-3---cpu-method-queens--t-30-stress-ng---cpu-3---cpu-method-jmp--t-30-20260928_030938.csv,11.31380998,0.0009084795238126666
scaphandreP1-stress-ng---cpu-3---cpu-method-queens--t-30-stress-ng---cpu-3---cpu-method-jmp--t-30-20260928_031332.csv,11.554570400000001,0.0007197877839766231
scaphandreP2-stress-ng---cpu-3---cpu-method-queens--t-30-stress-ng---cpu-3---cpu-method-jmp--t-30-20260928_031332.csv,11.314778550000002,0.0007197877839766231
scaphandreP1-stress-ng---cpu-3---cpu-method-fibonacci--t-30-stress-ng---cpu-3---cpu-method-float--t-30-20260928_031725.csv,10.45103062,0.0005117712991651798
scaphandreP2-stress-ng---cpu-3---cpu-method-fibonacci--t-30-stress-ng---cpu-3---cpu-method-float--t-30-20260928_031725.csv,10.18751249,0.0005117712991651798
scaphandreP1-stress-ng---cpu-3---cpu-method-fibonacci--t-30-stress-ng---cpu-3---cpu-method-float--t-30-20260928_032118.csv,10.20665251,0.0006695738588102947
scaphandreP2-stress-ng---cpu-3---cpu-method-fibonacci--t-30-stress-ng---cpu-3---cpu-method-float--t-30-20260928_032118.csv,10.46449375,0.0006695738588102947
scaphandreP1-stress-ng---cpu-3---cpu-method-fibonacci--t-30-stress-ng---cpu-3---cpu-method-float--t-30-20260928_032512.csv,10.20610928,0.0006751555974637829
scaphandreP2-stress-ng---cpu-3---cpu-method-fibonacci--t-30-stress-ng---cpu-3---cpu-method-float--t-30-20260928_032512.csv,10.440403009999999,0.0006751555974637829
scaphandreP1-stress-ng---cpu-3---cpu-method-fibonacci--t-30-stress-ng---cpu-3---cpu-method-float--t-30-20260928_032905.csv,10.21683446,0.0005864236162202665
scaphandreP2-stress-ng---cpu-3---cpu-method-fibonacci--t-30-stress-ng---cpu-3---cpu-method-float--t-30-20260928_032905.csv,10.453405179999999,0.0005864236162202665
scaphandreP1-stress-ng---cpu-3---cpu-method-fibonacci--t-30-stress-ng---cpu-3---cpu-method-float--t-30-20260928_033258.csv,10.20914227,0.0008458984195681566
scaphandreP2-stress-ng---cpu-3---cpu-method-fibonacci--t-30-stress-ng---cpu-3---cpu-method-float--t-30-20260928_033258.csv,10.448515930000001,0.0008458984195681566
scaphandreP1-stress-ng---cpu-3---cpu-method-fibonacci--t-30-stress-ng---cpu-3---cpu-method-int64--t-30-20260928_033652.csv,9.67047976,0.0007951636314912668
scaphandreP2-stress-ng---cpu-3---cpu-method-fibonacci--t-30-stress-ng---cpu-3---cpu-method-int64--t-30-20260928_033652.csv,9.90055266,0.0007951636314912668
scaphandreP1-stress-ng---cpu-3---cpu-method-fibonacci--t-30-stress-ng---cpu-3---cpu-method-int64--t-30-20260928_034045.csv,9.89226246,0.0007819880906305151
scaphandreP2-stress-ng---cpu-3---cpu-method-fibonacci--t-30-stress-ng---cpu-3---cpu-method-int64--t-30-20260928_034045.csv,9.700971699999998,0.0007819880906305151
scaphandreP1-stress-ng---cpu-3---cpu-method-fibonacci--t-30-stress-ng---cpu-3---cpu-method-int64--t-30-20260928_034439.csv,9.8966648,0.0008306097599303173
scaphandreP2-stress-ng---cpu-3---cpu-method-fibonacci--t-30-stress-ng---cpu-3---cpu-method-int64--t-30-20260928_034439.csv,9.700002860000001,0.0008306097599303173
scaphandreP1-stress-ng---cpu-3---cpu-method-fibonacci--t-30-stress-ng---cpu-3---cpu-method-int64--t-30-20260928_034832.csv,9.88833827,0.0008139258186914761
scaphandreP2-stress-ng---cpu-3---cpu-method-fibonacci--t-30-stress-ng---cpu-3---cpu-method-int64--t-30-20260928_034832.csv,9.686032699999998,0.0008139258186914761
scaphandreP1-stress-ng---cpu-3---cpu-method-fibonacci--t-30-stress-ng---cpu-3---cpu-method-int64--t-30-20260928_035225.csv,9.686171190000001,0.0009143264230307586
scaphandreP2-stress-ng---cpu-3---cpu-method-fibonacci--t-30-stress-ng---cpu-3---cpu-method-int64--t-30-20260928_035225.csv,9.89548255,0.0009143264230307586
scaphandreP1-stress-ng---cpu-3---cpu-method-fibonacci--t-30-stress-ng---cpu-3---cpu-method-double--t-30-20260928_035619.csv,10.874720980000001,0.0004657503615692269
scaphandreP2-stress-ng---cpu-3---cpu-method-fibonacci--t-30-stress-ng---cpu-3---cpu-method-double--t-30-20260928_035619.csv,11.077156720000001,0.0004657503615692269
scaphandreP1-stress-ng---cpu-3---cpu-method-fibonacci--t-30-stress-ng---cpu-3---cpu-method-double--t-30-20260928_040012.csv,11.03702557,0.0004329216013924701
scaphandreP2-stress-ng---cpu-3---cpu-method-fibonacci--t-30-stress-ng---cpu-3---cpu-method-double--t-30-20260928_040012.csv,10.79494322,0.0004329216013924701
scaphandreP1-stress-ng---cpu-3---cpu-method-fibonacci--t-30-stress-ng---cpu-3---cpu-method-double--t-30-20260928_040406.csv,10.847785760000002,0.00039019086775206395
scaphandreP2-stress-ng---cpu-3---cpu-method-fibonacci--t-30-stress-ng---cpu-3---cpu-method-double--t-30-20260928_040406.csv,11.11733093,0.00039019086775206395
scaphandreP1-stress-ng---cpu-3---cpu-method-fibonacci--t-30-stress-ng---cpu-3---cpu-method-double--t-30-20260928_040800.csv,10.81550592,0.0007376945398974016
scaphandreP2-stress-ng---cpu-3---cpu-method-fibonacci--t-30-stress-ng---cpu-3---cpu-method-double--t-30-20260928_040800.csv,11.08539719,0.0007376945398974016
scaphandreP1-stress-ng---cpu-3---cpu-method-fibonacci--t-30-stress-ng---cpu-3---cpu-method-double--t-30-20260928_041153.csv,11.06082441,0.0005410703983704104
scaphandreP2-stress-ng---cpu-3---cpu-method-fibonacci--t-30-stress-ng---cpu-3---cpu-method-double--t-30-20260928_041153.csv,10.823163309999998,0.0005410703983704104
scaphandreP1-stress-ng---cpu-3---cpu-method-fibonacci--t-30-stress-ng---cpu-3---cpu-method-int64float--t-30-20260928_041546.csv,10.93659411,0.000453703837723509
scaphandreP2-stress-ng---cpu-3---cpu-method-fibonacci--t-30-stress-ng---cpu-3---cpu-method-int64float--t-30-20260928_041546.csv,11.180891279999999,0.000453703837723509
scaphandreP1-stress-ng---cpu-3---cpu-method-fibonacci--t-30-stress-ng---cpu-3---cpu-method-int64float--t-30-20260928_041940.csv,11.15010266,0.00035145522535423395
scaphandreP2-stress-ng---cpu-3---cpu-method-fibonacci--t-30-stress-ng---cpu-3---cpu-method-int64float--t-30-20260928_041940.csv,10.914548580000002,0.00035145522535423395
scaphandreP1-stress-ng---cpu-3---cpu-method-fibonacci--t-30-stress-ng---cpu-3---cpu-method-int64float--t-30-20260928_042333.csv,11.174421290000002,0.0005877842321940454
scaphandreP2-stress-ng---cpu-3---cpu-method-fibonacci--t-30-stress-ng---cpu-3---cpu-method-int64float--t-30-20260928_042333.csv,10.90774288,0.0005877842321940454
scaphandreP1-stress-ng---cpu-3---cpu-method-fibonacci--t-30-stress-ng---cpu-3---cpu-method-int64float--t-30-20260928_042727.csv,10.94397341,0.0009629446412469546
scaphandreP2-stress-ng---cpu-3---cpu-method-fibonacci--t-30-stress-ng---cpu-3---cpu-method-int64float--t-30-20260928_042727.csv,11.166791760000002,0.0009629446412469546
scaphandreP1-stress-ng---cpu-3---cpu-method-fibonacci--t-30-stress-ng---cpu-3---cpu-method-int64float--t-30-20260928_043120.csv,11.171197970000001,0.0006573745246988376
scaphandreP2-stress-ng---cpu-3---cpu-method-fibonacci--t-30-stress-ng---cpu-3---cpu-method-int64float--t-30-20260928_043120.csv,10.90572621,0.0006573745246988376
scaphandreP1-stress-ng---cpu-3---cpu-method-fibonacci--t-30-stress-ng---cpu-3---cpu-method-int64double--t-30-20260928_043513.csv,10.583436169999999,0.001014522042551367
scaphandreP2-stress-ng---cpu-3---cpu-method-fibonacci--t-30-stress-ng---cpu-3---cpu-method-int64double--t-30-20260928_043513.csv,10.80820898,0.001014522042551367
scaphandreP1-stress-ng---cpu-3---cpu-method-fibonacci--t-30-stress-ng---cpu-3---cpu-method-int64double--t-30-20260928_043907.csv,10.59702275,0.0005236943602874968
scaphandreP2-stress-ng---cpu-3---cpu-method-fibonacci--t-30-stress-ng---cpu-3---cpu-method-int64double--t-30-20260928_043907.csv,10.829851710000002,0.0005236943602874968
scaphandreP1-stress-ng---cpu-3---cpu-method-fibonacci--t-30-stress-ng---cpu-3---cpu-method-int64double--t-30-20260928_044300.csv,10.8014049,0.0003442831639148628
scaphandreP2-stress-ng---cpu-3---cpu-method-fibonacci--t-30-stress-ng---cpu-3---cpu-method-int64double--t-30-20260928_044300.csv,10.53549484,0.0003442831639148628
scaphandreP1-stress-ng---cpu-3---cpu-method-fibonacci--t-30-stress-ng---cpu-3---cpu-method-int64double--t-30-20260928_044654.csv,10.80077906,0.0007926548623146454
scaphandreP2-stress-ng---cpu-3---cpu-method-fibonacci--t-30-stress-ng---cpu-3---cpu-method-int64double--t-30-20260928_044654.csv,10.55662675,0.0007926548623146454
scaphandreP1-stress-ng---cpu-3---cpu-method-fibonacci--t-30-stress-ng---cpu-3---cpu-method-int64double--t-30-20260928_045047.csv,10.581624510000001,0.0003586212438823006
scaphandreP2-stress-ng---cpu-3---cpu-method-fibonacci--t-30-stress-ng---cpu-3---cpu-method-int64double--t-30-20260928_045047.csv,10.82146442,0.0003586212438823006
scaphandreP1-stress-ng---cpu-3---cpu-method-fibonacci--t-30-stress-ng---matrix-3---matrix-method-prod--t-30-20260928_045440.csv,11.295884690000001,0.0006601630154484519
scaphandreP2-stress-ng---cpu-3---cpu-method-fibonacci--t-30-stress-ng---matrix-3---matrix-method-prod--t-30-20260928_045440.csv,11.583132809999999,0.0006601630154484519
scaphandreP1-stress-ng---cpu-3---cpu-method-fibonacci--t-30-stress-ng---matrix-3---matrix-method-prod--t-30-20260928_045834.csv,11.306281120000001,0.00091329016668173
scaphandreP2-stress-ng---cpu-3---cpu-method-fibonacci--t-30-stress-ng---matrix-3---matrix-method-prod--t-30-20260928_045834.csv,11.581105889999998,0.00091329016668173
scaphandreP1-stress-ng---cpu-3---cpu-method-fibonacci--t-30-stress-ng---matrix-3---matrix-method-prod--t-30-20260928_050227.csv,11.54568089,0.0004883834355611971
scaphandreP2-stress-ng---cpu-3---cpu-method-fibonacci--t-30-stress-ng---matrix-3---matrix-method-prod--t-30-20260928_050227.csv,11.26002632,0.0004883834355611971
scaphandreP1-stress-ng---cpu-3---cpu-method-fibonacci--t-30-stress-ng---matrix-3---matrix-method-prod--t-30-20260928_050620.csv,11.54963611,0.0010728084985162682
scaphandreP2-stress-ng---cpu-3---cpu-method-fibonacci--t-30-stress-ng---matrix-3---matrix-method-prod--t-30-20260928_050620.csv,11.271986680000001,0.0010728084985162682
scaphandreP1-stress-ng---cpu-3---cpu-method-fibonacci--t-30-stress-ng---matrix-3---matrix-method-prod--t-30-20260928_051014.csv,11.33465027,0.000742427116763892
scaphandreP2-stress-ng---cpu-3---cpu-method-fibonacci--t-30-stress-ng---matrix-3---matrix-method-prod--t-30-20260928_051014.csv,11.61767457,0.000742427116763892
scaphandreP1-stress-ng---cpu-3---cpu-method-fibonacci--t-30-stress-ng---cpu-3---cpu-method-rand--t-30-20260928_051407.csv,9.14896882,0.000918244118012421
scaphandreP2-stress-ng---cpu-3---cpu-method-fibonacci--t-30-stress-ng---cpu-3---cpu-method-rand--t-30-20260928_051407.csv,9.33727105,0.000918244118012421
scaphandreP1-stress-ng---cpu-3---cpu-method-fibonacci--t-30-stress-ng---cpu-3---cpu-method-rand--t-30-20260928_051801.csv,9.151017269999999,0.0008471308401978464
scaphandreP2-stress-ng---cpu-3---cpu-method-fibonacci--t-30-stress-ng---cpu-3---cpu-method-rand--t-30-20260928_051801.csv,9.37075882,0.0008471308401978464
scaphandreP1-stress-ng---cpu-3---cpu-method-fibonacci--t-30-stress-ng---cpu-3---cpu-method-rand--t-30-20260928_052154.csv,9.13851884,0.0006265076008188162
scaphandreP2-stress-ng---cpu-3---cpu-method-fibonacci--t-30-stress-ng---cpu-3---cpu-method-rand--t-30-20260928_052154.csv,9.37212932,0.0006265076008188162
scaphandreP1-stress-ng---cpu-3---cpu-method-fibonacci--t-30-stress-ng---cpu-3---cpu-method-rand--t-30-20260928_052548.csv,9.37993092,0.0006985311029650252
scaphandreP2-stress-ng---cpu-3---cpu-method-fibonacci--t-30-stress-ng---cpu-3---cpu-method-rand--t-30-20260928_052548.csv,9.17182435,0.0006985311029650252
scaphandreP1-stress-ng---cpu-3---cpu-method-fibonacci--t-30-stress-ng---cpu-3---cpu-method-rand--t-30-20260928_052941.csv,9.34106383,0.0010955039225926605
scaphandreP2-stress-ng---cpu-3---cpu-method-fibonacci--t-30-stress-ng---cpu-3---cpu-method-rand--t-30-20260928_052941.csv,9.16040814,0.0010955039225926605
scaphandreP1-stress-ng---cpu-3---cpu-method-fibonacci--t-30-stress-ng---cpu-3---cpu-method-jmp--t-30-20260928_053335.csv,10.2612556,0.0007525575226967331
scaphandreP2-stress-ng---cpu-3---cpu-method-fibonacci--t-30-stress-ng---cpu-3---cpu-method-jmp--t-30-20260928_053335.csv,10.03526861,0.0007525575226967331
scaphandreP1-stress-ng---cpu-3---cpu-method-fibonacci--t-30-stress-ng---cpu-3---cpu-method-jmp--t-30-20260928_053728.csv,10.052696809999999,0.0006758498237109631
scaphandreP2-stress-ng---cpu-3---cpu-method-fibonacci--t-30-stress-ng---cpu-3---cpu-method-jmp--t-30-20260928_053728.csv,10.27611519,0.0006758498237109631
scaphandreP1-stress-ng---cpu-3---cpu-method-fibonacci--t-30-stress-ng---cpu-3---cpu-method-jmp--t-30-20260928_054121.csv,10.26406988,0.0007165138086173045
scaphandreP2-stress-ng---cpu-3---cpu-method-fibonacci--t-30-stress-ng---cpu-3---cpu-method-jmp--t-30-20260928_054121.csv,10.04327985,0.0007165138086173045
scaphandreP1-stress-ng---cpu-3---cpu-method-fibonacci--t-30-stress-ng---cpu-3---cpu-method-jmp--t-30-20260928_054515.csv,10.06618003,0.0008559101521944987
scaphandreP2-stress-ng---cpu-3---cpu-method-fibonacci--t-30-stress-ng---cpu-3---cpu-method-jmp--t-30-20260928_054515.csv,10.25018839,0.0008559101521944987
scaphandreP1-stress-ng---cpu-3---cpu-method-fibonacci--t-30-stress-ng---cpu-3---cpu-method-jmp--t-30-20260928_054908.csv,10.26253432,0.0012251503712189485
scaphandreP2-stress-ng---cpu-3---cpu-method-fibonacci--t-30-stress-ng---cpu-3---cpu-method-jmp--t-30-20260928_054908.csv,10.041787730000001,0.0012251503712189485
scaphandreP1-stress-ng---cpu-3---cpu-method-float--t-30-stress-ng---cpu-3---cpu-method-int64--t-30-20260928_055302.csv,10.40098252,0.0004854093052317028
scaphandreP2-stress-ng---cpu-3---cpu-method-float--t-30-stress-ng---cpu-3---cpu-method-int64--t-30-20260928_055302.csv,10.630862050000001,0.0004854093052317028
scaphandreP1-stress-ng---cpu-3---cpu-method-float--t-30-stress-ng---cpu-3---cpu-method-int64--t-30-20260928_055655.csv,10.38327752,0.0007002073245165152
scaphandreP2-stress-ng---cpu-3---cpu-method-float--t-30-stress-ng---cpu-3---cpu-method-int64--t-30-20260928_055655.csv,10.641903359999999,0.0007002073245165152
scaphandreP1-stress-ng---cpu-3---cpu-method-float--t-30-stress-ng---cpu-3---cpu-method-int64--t-30-20260928_060049.csv,10.38496405,0.0008942206858078336
scaphandreP2-stress-ng---cpu-3---cpu-method-float--t-30-stress-ng---cpu-3---cpu-method-int64--t-30-20260928_060049.csv,10.63920036,0.0008942206858078336
scaphandreP1-stress-ng---cpu-3---cpu-method-float--t-30-stress-ng---cpu-3---cpu-method-int64--t-30-20260928_060442.csv,10.641975989999999,0.0006730859471603474
scaphandreP2-stress-ng---cpu-3---cpu-method-float--t-30-stress-ng---cpu-3---cpu-method-int64--t-30-20260928_060442.csv,10.381483470000001,0.0006730859471603474
scaphandreP1-stress-ng---cpu-3---cpu-method-float--t-30-stress-ng---cpu-3---cpu-method-int64--t-30-20260928_060836.csv,10.398560940000001,0.0006439463622296408
scaphandreP2-stress-ng---cpu-3---cpu-method-float--t-30-stress-ng---cpu-3---cpu-method-int64--t-30-20260928_060836.csv,10.62618618,0.0006439463622296408
scaphandreP1-stress-ng---cpu-3---cpu-method-float--t-30-stress-ng---cpu-3---cpu-method-double--t-30-20260928_061229.csv,11.58469994,0.001011850515014343
scaphandreP2-stress-ng---cpu-3---cpu-method-float--t-30-stress-ng---cpu-3---cpu-method-double--t-30-20260928_061229.csv,11.86323972,0.001011850515014343
scaphandreP1-stress-ng---cpu-3---cpu-method-float--t-30-stress-ng---cpu-3---cpu-method-double--t-30-20260928_061622.csv,11.856088239999998,0.0003528442465725387
scaphandreP2-stress-ng---cpu-3---cpu-method-float--t-30-stress-ng---cpu-3---cpu-method-double--t-30-20260928_061622.csv,11.572838019999999,0.0003528442465725387
scaphandreP1-stress-ng---cpu-3---cpu-method-float--t-30-stress-ng---cpu-3---cpu-method-double--t-30-20260928_062016.csv,11.512261469999999,0.0006731756912637302
scaphandreP2-stress-ng---cpu-3---cpu-method-float--t-30-stress-ng---cpu-3---cpu-method-double--t-30-20260928_062016.csv,11.80941211,0.0006731756912637302
scaphandreP1-stress-ng---cpu-3---cpu-method-float--t-30-stress-ng---cpu-3---cpu-method-double--t-30-20260928_062409.csv,11.80128481,0.0004703538607196267
scaphandreP2-stress-ng---cpu-3---cpu-method-float--t-30-stress-ng---cpu-3---cpu-method-double--t-30-20260928_062409.csv,11.54649798,0.0004703538607196267
scaphandreP1-stress-ng---cpu-3---cpu-method-float--t-30-stress-ng---cpu-3---cpu-method-double--t-30-20260928_062802.csv,11.56424391,0.0004247094642536038
scaphandreP2-stress-ng---cpu-3---cpu-method-float--t-30-stress-ng---cpu-3---cpu-method-double--t-30-20260928_062802.csv,11.86321038,0.0004247094642536038
scaphandreP1-stress-ng---cpu-3---cpu-method-float--t-30-stress-ng---cpu-3---cpu-method-int64float--t-30-20260928_063156.csv,11.656561,0.000811620023913232
scaphandreP2-stress-ng---cpu-3---cpu-method-float--t-30-stress-ng---cpu-3---cpu-method-int64float--t-30-20260928_063156.csv,11.89802606,0.000811620023913232
scaphandreP1-stress-ng---cpu-3---cpu-method-float--t-30-stress-ng---cpu-3---cpu-method-int64float--t-30-20260928_063549.csv,11.89463602,0.00064982146116124
scaphandreP2-stress-ng---cpu-3---cpu-method-float--t-30-stress-ng---cpu-3---cpu-method-int64float--t-30-20260928_063549.csv,11.641801880000001,0.00064982146116124
scaphandreP1-stress-ng---cpu-3---cpu-method-float--t-30-stress-ng---cpu-3---cpu-method-int64float--t-30-20260928_063943.csv,11.626199969999998,0.0006013703420845923
scaphandreP2-stress-ng---cpu-3---cpu-method-float--t-30-stress-ng---cpu-3---cpu-method-int64float--t-30-20260928_063943.csv,11.91912386,0.0006013703420845923
scaphandreP1-stress-ng---cpu-3---cpu-method-float--t-30-stress-ng---cpu-3---cpu-method-int64float--t-30-20260928_064336.csv,11.62316384,0.0003868776611365157
scaphandreP2-stress-ng---cpu-3---cpu-method-float--t-30-stress-ng---cpu-3---cpu-method-int64float--t-30-20260928_064336.csv,11.91163175,0.0003868776611365157
scaphandreP1-stress-ng---cpu-3---cpu-method-float--t-30-stress-ng---cpu-3---cpu-method-int64float--t-30-20260928_064730.csv,11.88277322,0.00045943615360745203
scaphandreP2-stress-ng---cpu-3---cpu-method-float--t-30-stress-ng---cpu-3---cpu-method-int64float--t-30-20260928_064730.csv,11.619529199999999,0.00045943615360745203
scaphandreP1-stress-ng---cpu-3---cpu-method-float--t-30-stress-ng---cpu-3---cpu-method-int64double--t-30-20260928_065123.csv,11.27477335,0.0004020504797244925
scaphandreP2-stress-ng---cpu-3---cpu-method-float--t-30-stress-ng---cpu-3---cpu-method-int64double--t-30-20260928_065123.csv,11.559214039999999,0.0004020504797244925
scaphandreP1-stress-ng---cpu-3---cpu-method-float--t-30-stress-ng---cpu-3---cpu-method-int64double--t-30-20260928_065516.csv,11.573062069999999,0.0011128137698495422
scaphandreP2-stress-ng---cpu-3---cpu-method-float--t-30-stress-ng---cpu-3---cpu-method-int64double--t-30-20260928_065516.csv,11.33477016,0.0011128137698495422
scaphandreP1-stress-ng---cpu-3---cpu-method-float--t-30-stress-ng---cpu-3---cpu-method-int64double--t-30-20260928_065910.csv,11.577385540000002,0.00034652273374400033
scaphandreP2-stress-ng---cpu-3---cpu-method-float--t-30-stress-ng---cpu-3---cpu-method-int64double--t-30-20260928_065910.csv,11.32542161,0.00034652273374400033
scaphandreP1-stress-ng---cpu-3---cpu-method-float--t-30-stress-ng---cpu-3---cpu-method-int64double--t-30-20260928_070303.csv,11.319712260000001,0.00046287673490041513
scaphandreP2-stress-ng---cpu-3---cpu-method-float--t-30-stress-ng---cpu-3---cpu-method-int64double--t-30-20260928_070303.csv,11.598493,0.00046287673490041513
scaphandreP1-stress-ng---cpu-3---cpu-method-float--t-30-stress-ng---cpu-3---cpu-method-int64double--t-30-20260928_070657.csv,11.572742319999998,0.0006954641077898646
scaphandreP2-stress-ng---cpu-3---cpu-method-float--t-30-stress-ng---cpu-3---cpu-method-int64double--t-30-20260928_070657.csv,11.32422098,0.0006954641077898646
scaphandreP1-stress-ng---cpu-3---cpu-method-float--t-30-stress-ng---matrix-3---matrix-method-prod--t-30-20260928_071050.csv,12.009221759999999,0.0004242381578159524
scaphandreP2-stress-ng---cpu-3---cpu-method-float--t-30-stress-ng---matrix-3---matrix-method-prod--t-30-20260928_071050.csv,12.276510120000001,0.0004242381578159524
scaphandreP1-stress-ng---cpu-3---cpu-method-float--t-30-stress-ng---matrix-3---matrix-method-prod--t-30-20260928_071444.csv,12.02313679,0.0011891140958444515
scaphandreP2-stress-ng---cpu-3---cpu-method-float--t-30-stress-ng---matrix-3---matrix-method-prod--t-30-20260928_071444.csv,12.27656183,0.0011891140958444515
scaphandreP1-stress-ng---cpu-3---cpu-method-float--t-30-stress-ng---matrix-3---matrix-method-prod--t-30-20260928_071837.csv,11.98641341,0.0006206920761078811
scaphandreP2-stress-ng---cpu-3---cpu-method-float--t-30-stress-ng---matrix-3---matrix-method-prod--t-30-20260928_071837.csv,12.29672876,0.0006206920761078811
scaphandreP1-stress-ng---cpu-3---cpu-method-float--t-30-stress-ng---matrix-3---matrix-method-prod--t-30-20260928_072231.csv,12.246737739999999,0.0007087372754670439
scaphandreP2-stress-ng---cpu-3---cpu-method-float--t-30-stress-ng---matrix-3---matrix-method-prod--t-30-20260928_072231.csv,11.974711239999998,0.0007087372754670439
scaphandreP1-stress-ng---cpu-3---cpu-method-float--t-30-stress-ng---matrix-3---matrix-method-prod--t-30-20260928_072624.csv,11.9725086,0.0007817813474936828
scaphandreP2-stress-ng---cpu-3---cpu-method-float--t-30-stress-ng---matrix-3---matrix-method-prod--t-30-20260928_072624.csv,12.26593535,0.0007817813474936828
scaphandreP1-stress-ng---cpu-3---cpu-method-float--t-30-stress-ng---cpu-3---cpu-method-rand--t-30-20260928_073018.csv,10.20220458,0.0007864630621818695
scaphandreP2-stress-ng---cpu-3---cpu-method-float--t-30-stress-ng---cpu-3---cpu-method-rand--t-30-20260928_073018.csv,9.99911401,0.0007864630621818695
scaphandreP1-stress-ng---cpu-3---cpu-method-float--t-30-stress-ng---cpu-3---cpu-method-rand--t-30-20260928_073411.csv,10.14782292,0.0006519005093505486
scaphandreP2-stress-ng---cpu-3---cpu-method-float--t-30-stress-ng---cpu-3---cpu-method-rand--t-30-20260928_073411.csv,9.92830691,0.0006519005093505486
scaphandreP1-stress-ng---cpu-3---cpu-method-float--t-30-stress-ng---cpu-3---cpu-method-rand--t-30-20260928_073804.csv,10.15087836,0.0007203075816346241
scaphandreP2-stress-ng---cpu-3---cpu-method-float--t-30-stress-ng---cpu-3---cpu-method-rand--t-30-20260928_073804.csv,9.92291074,0.0007203075816346241
scaphandreP1-stress-ng---cpu-3---cpu-method-float--t-30-stress-ng---cpu-3---cpu-method-rand--t-30-20260928_074158.csv,9.91391329,0.0003547527712501442
scaphandreP2-stress-ng---cpu-3---cpu-method-float--t-30-stress-ng---cpu-3---cpu-method-rand--t-30-20260928_074158.csv,10.16561674,0.0003547527712501442
scaphandreP1-stress-ng---cpu-3---cpu-method-float--t-30-stress-ng---cpu-3---cpu-method-rand--t-30-20260928_074551.csv,9.930399269999999,0.0004891619471680921
scaphandreP2-stress-ng---cpu-3---cpu-method-float--t-30-stress-ng---cpu-3---cpu-method-rand--t-30-20260928_074551.csv,10.18397536,0.0004891619471680921
scaphandreP1-stress-ng---cpu-3---cpu-method-float--t-30-stress-ng---cpu-3---cpu-method-jmp--t-30-20260928_074945.csv,10.996380809999998,0.0009889343508459212
scaphandreP2-stress-ng---cpu-3---cpu-method-float--t-30-stress-ng---cpu-3---cpu-method-jmp--t-30-20260928_074945.csv,10.75580776,0.0009889343508459212
scaphandreP1-stress-ng---cpu-3---cpu-method-float--t-30-stress-ng---cpu-3---cpu-method-jmp--t-30-20260928_075338.csv,10.75397487,0.0003755625623036366
scaphandreP2-stress-ng---cpu-3---cpu-method-float--t-30-stress-ng---cpu-3---cpu-method-jmp--t-30-20260928_075338.csv,11.003847720000001,0.0003755625623036366
scaphandreP1-stress-ng---cpu-3---cpu-method-float--t-30-stress-ng---cpu-3---cpu-method-jmp--t-30-20260928_075731.csv,11.04463483,0.0003663236505859275
scaphandreP2-stress-ng---cpu-3---cpu-method-float--t-30-stress-ng---cpu-3---cpu-method-jmp--t-30-20260928_075731.csv,10.78661254,0.0003663236505859275
scaphandreP1-stress-ng---cpu-3---cpu-method-float--t-30-stress-ng---cpu-3---cpu-method-jmp--t-30-20260928_080125.csv,10.76780657,0.0006867175564650698
scaphandreP2-stress-ng---cpu-3---cpu-method-float--t-30-stress-ng---cpu-3---cpu-method-jmp--t-30-20260928_080125.csv,11.00708101,0.0006867175564650698
scaphandreP1-stress-ng---cpu-3---cpu-method-float--t-30-stress-ng---cpu-3---cpu-method-jmp--t-30-20260928_080518.csv,10.989367080000001,0.0007304319887735599
scaphandreP2-stress-ng---cpu-3---cpu-method-float--t-30-stress-ng---cpu-3---cpu-method-jmp--t-30-20260928_080518.csv,10.76592547,0.0007304319887735599
scaphandreP1-stress-ng---cpu-3---cpu-method-int64--t-30-stress-ng---cpu-3---cpu-method-double--t-30-20260928_080912.csv,11.12942525,0.002091433903210565
scaphandreP2-stress-ng---cpu-3---cpu-method-int64--t-30-stress-ng---cpu-3---cpu-method-double--t-30-20260928_080912.csv,11.346213689999999,0.002091433903210565
scaphandreP1-stress-ng---cpu-3---cpu-method-int64--t-30-stress-ng---cpu-3---cpu-method-double--t-30-20260928_081305.csv,11.29423252,0.00043851606072543614
scaphandreP2-stress-ng---cpu-3---cpu-method-int64--t-30-stress-ng---cpu-3---cpu-method-double--t-30-20260928_081305.csv,11.05068395,0.00043851606072543614
scaphandreP1-stress-ng---cpu-3---cpu-method-int64--t-30-stress-ng---cpu-3---cpu-method-double--t-30-20260928_081658.csv,11.082501959999998,0.0005965629813015635
scaphandreP2-stress-ng---cpu-3---cpu-method-int64--t-30-stress-ng---cpu-3---cpu-method-double--t-30-20260928_081658.csv,11.333458989999999,0.0005965629813015635
scaphandreP1-stress-ng---cpu-3---cpu-method-int64--t-30-stress-ng---cpu-3---cpu-method-double--t-30-20260928_082051.csv,11.30776819,0.0010217032910165974
scaphandreP2-stress-ng---cpu-3---cpu-method-int64--t-30-stress-ng---cpu-3---cpu-method-double--t-30-20260928_082051.csv,11.106519519999999,0.0010217032910165974
scaphandreP1-stress-ng---cpu-3---cpu-method-int64--t-30-stress-ng---cpu-3---cpu-method-double--t-30-20260928_082444.csv,11.112742429999999,0.000884107465747242
scaphandreP2-stress-ng---cpu-3---cpu-method-int64--t-30-stress-ng---cpu-3---cpu-method-double--t-30-20260928_082444.csv,11.37619091,0.000884107465747242
scaphandreP1-stress-ng---cpu-3---cpu-method-int64--t-30-stress-ng---cpu-3---cpu-method-int64float--t-30-20260928_082838.csv,11.13468236,0.0009316731822544994
scaphandreP2-stress-ng---cpu-3---cpu-method-int64--t-30-stress-ng---cpu-3---cpu-method-int64float--t-30-20260928_082838.csv,11.375481290000002,0.0009316731822544994
scaphandreP1-stress-ng---cpu-3---cpu-method-int64--t-30-stress-ng---cpu-3---cpu-method-int64float--t-30-20260928_083231.csv,11.11103018,0.0014330465590786695
scaphandreP2-stress-ng---cpu-3---cpu-method-int64--t-30-stress-ng---cpu-3---cpu-method-int64float--t-30-20260928_083231.csv,11.377708239999999,0.0014330465590786695
scaphandreP1-stress-ng---cpu-3---cpu-method-int64--t-30-stress-ng---cpu-3---cpu-method-int64float--t-30-20260928_083624.csv,11.424140210000001,0.0008080727592964075
scaphandreP2-stress-ng---cpu-3---cpu-method-int64--t-30-stress-ng---cpu-3---cpu-method-int64float--t-30-20260928_083624.csv,11.182756099999999,0.0008080727592964075
scaphandreP1-stress-ng---cpu-3---cpu-method-int64--t-30-stress-ng---cpu-3---cpu-method-int64float--t-30-20260928_084018.csv,11.36084086,0.0006382001951338081
scaphandreP2-stress-ng---cpu-3---cpu-method-int64--t-30-stress-ng---cpu-3---cpu-method-int64float--t-30-20260928_084018.csv,11.10894557,0.0006382001951338081
scaphandreP1-stress-ng---cpu-3---cpu-method-int64--t-30-stress-ng---cpu-3---cpu-method-int64float--t-30-20260928_084411.csv,11.351141029999999,0.0005934853341821147
scaphandreP2-stress-ng---cpu-3---cpu-method-int64--t-30-stress-ng---cpu-3---cpu-method-int64float--t-30-20260928_084411.csv,11.145367190000002,0.0005934853341821147
scaphandreP1-stress-ng---cpu-3---cpu-method-int64--t-30-stress-ng---cpu-3---cpu-method-int64double--t-30-20260928_084805.csv,10.816767559999999,0.0006034233147547688
scaphandreP2-stress-ng---cpu-3---cpu-method-int64--t-30-stress-ng---cpu-3---cpu-method-int64double--t-30-20260928_084805.csv,11.03821002,0.0006034233147547688
scaphandreP1-stress-ng---cpu-3---cpu-method-int64--t-30-stress-ng---cpu-3---cpu-method-int64double--t-30-20260928_085158.csv,10.82976685,0.0006000731817502496
scaphandreP2-stress-ng---cpu-3---cpu-method-int64--t-30-stress-ng---cpu-3---cpu-method-int64double--t-30-20260928_085158.csv,11.04307992,0.0006000731817502496
scaphandreP1-stress-ng---cpu-3---cpu-method-int64--t-30-stress-ng---cpu-3---cpu-method-int64double--t-30-20260928_085551.csv,11.059657559999998,0.0008123658935394218
scaphandreP2-stress-ng---cpu-3---cpu-method-int64--t-30-stress-ng---cpu-3---cpu-method-int64double--t-30-20260928_085551.csv,10.81806552,0.0008123658935394218
scaphandreP1-stress-ng---cpu-3---cpu-method-int64--t-30-stress-ng---cpu-3---cpu-method-int64double--t-30-20260928_085944.csv,10.827341539999999,0.0007532635987994242
scaphandreP2-stress-ng---cpu-3---cpu-method-int64--t-30-stress-ng---cpu-3---cpu-method-int64double--t-30-20260928_085944.csv,11.05094652,0.0007532635987994242
scaphandreP1-stress-ng---cpu-3---cpu-method-int64--t-30-stress-ng---cpu-3---cpu-method-int64double--t-30-20260928_090338.csv,10.81554993,0.0005505306378997905
scaphandreP2-stress-ng---cpu-3---cpu-method-int64--t-30-stress-ng---cpu-3---cpu-method-int64double--t-30-20260928_090338.csv,11.080032119999998,0.0005505306378997905
scaphandreP1-stress-ng---cpu-3---cpu-method-int64--t-30-stress-ng---matrix-3---matrix-method-prod--t-30-20260928_090731.csv,11.882556510000002,0.00037841504268062764
scaphandreP2-stress-ng---cpu-3---cpu-method-int64--t-30-stress-ng---matrix-3---matrix-method-prod--t-30-20260928_090731.csv,11.593181309999999,0.00037841504268062764
scaphandreP1-stress-ng---cpu-3---cpu-method-int64--t-30-stress-ng---matrix-3---matrix-method-prod--t-30-20260928_091125.csv,11.73169998,0.0013264996003901003
scaphandreP2-stress-ng---cpu-3---cpu-method-int64--t-30-stress-ng---matrix-3---matrix-method-prod--t-30-20260928_091125.csv,11.48986613,0.0013264996003901003
scaphandreP1-stress-ng---cpu-3---cpu-method-int64--t-30-stress-ng---matrix-3---matrix-method-prod--t-30-20260928_091518.csv,11.87494992,0.0007174576554142727
scaphandreP2-stress-ng---cpu-3---cpu-method-int64--t-30-stress-ng---matrix-3---matrix-method-prod--t-30-20260928_091518.csv,11.583624949999999,0.0007174576554142727
scaphandreP1-stress-ng---cpu-3---cpu-method-int64--t-30-stress-ng---matrix-3---matrix-method-prod--t-30-20260928_091911.csv,11.79719679,0.0008613078192785833
scaphandreP2-stress-ng---cpu-3---cpu-method-int64--t-30-stress-ng---matrix-3---matrix-method-prod--t-30-20260928_091911.csv,11.52729534,0.0008613078192785833
scaphandreP1-stress-ng---cpu-3---cpu-method-int64--t-30-stress-ng---matrix-3---matrix-method-prod--t-30-20260928_092306.csv,11.706227809999998,0.0006052984351629736
scaphandreP2-stress-ng---cpu-3---cpu-method-int64--t-30-stress-ng---matrix-3---matrix-method-prod--t-30-20260928_092306.csv,11.43947585,0.0006052984351629736
scaphandreP1-stress-ng---cpu-3---cpu-method-int64--t-30-stress-ng---cpu-3---cpu-method-rand--t-30-20260928_092700.csv,9.45167267,0.000511046408681437
scaphandreP2-stress-ng---cpu-3---cpu-method-int64--t-30-stress-ng---cpu-3---cpu-method-rand--t-30-20260928_092700.csv,9.66036749,0.000511046408681437
scaphandreP1-stress-ng---cpu-3---cpu-method-int64--t-30-stress-ng---cpu-3---cpu-method-rand--t-30-20260928_093053.csv,9.441609,0.0012648339206439714
scaphandreP2-stress-ng---cpu-3---cpu-method-int64--t-30-stress-ng---cpu-3---cpu-method-rand--t-30-20260928_093053.csv,9.6475677,0.0012648339206439714
scaphandreP1-stress-ng---cpu-3---cpu-method-int64--t-30-stress-ng---cpu-3---cpu-method-rand--t-30-20260928_093447.csv,9.46144753,0.0006544195034861566
scaphandreP2-stress-ng---cpu-3---cpu-method-int64--t-30-stress-ng---cpu-3---cpu-method-rand--t-30-20260928_093447.csv,9.64847385,0.0006544195034861566
scaphandreP1-stress-ng---cpu-3---cpu-method-int64--t-30-stress-ng---cpu-3---cpu-method-rand--t-30-20260928_093841.csv,9.64862062,0.0003796452812758701
scaphandreP2-stress-ng---cpu-3---cpu-method-int64--t-30-stress-ng---cpu-3---cpu-method-rand--t-30-20260928_093841.csv,9.438787540000002,0.0003796452812758701
scaphandreP1-stress-ng---cpu-3---cpu-method-int64--t-30-stress-ng---cpu-3---cpu-method-rand--t-30-20260928_094234.csv,9.42693145,0.00039616568039316274
scaphandreP2-stress-ng---cpu-3---cpu-method-int64--t-30-stress-ng---cpu-3---cpu-method-rand--t-30-20260928_094234.csv,9.66527181,0.00039616568039316274
scaphandreP1-stress-ng---cpu-3---cpu-method-int64--t-30-stress-ng---cpu-3---cpu-method-jmp--t-30-20260928_094628.csv,10.223494449999999,0.0007943411638907259
scaphandreP2-stress-ng---cpu-3---cpu-method-int64--t-30-stress-ng---cpu-3---cpu-method-jmp--t-30-20260928_094628.csv,10.456445790000002,0.0007943411638907259
scaphandreP1-stress-ng---cpu-3---cpu-method-int64--t-30-stress-ng---cpu-3---cpu-method-jmp--t-30-20260928_095021.csv,10.4365798,0.0008268101973113744
scaphandreP2-stress-ng---cpu-3---cpu-method-int64--t-30-stress-ng---cpu-3---cpu-method-jmp--t-30-20260928_095021.csv,10.206761689999999,0.0008268101973113744
scaphandreP1-stress-ng---cpu-3---cpu-method-int64--t-30-stress-ng---cpu-3---cpu-method-jmp--t-30-20260928_095414.csv,10.22728354,0.0007335752766282158
scaphandreP2-stress-ng---cpu-3---cpu-method-int64--t-30-stress-ng---cpu-3---cpu-method-jmp--t-30-20260928_095414.csv,10.436864940000001,0.0007335752766282158
scaphandreP1-stress-ng---cpu-3---cpu-method-int64--t-30-stress-ng---cpu-3---cpu-method-jmp--t-30-20260928_095808.csv,10.42944936,0.000749548713666919
scaphandreP2-stress-ng---cpu-3---cpu-method-int64--t-30-stress-ng---cpu-3---cpu-method-jmp--t-30-20260928_095808.csv,10.20474629,0.000749548713666919
scaphandreP1-stress-ng---cpu-3---cpu-method-int64--t-30-stress-ng---cpu-3---cpu-method-jmp--t-30-20260928_100201.csv,10.22999971,0.0005934532372657035
scaphandreP2-stress-ng---cpu-3---cpu-method-int64--t-30-stress-ng---cpu-3---cpu-method-jmp--t-30-20260928_100201.csv,10.45606318,0.0005934532372657035
scaphandreP1-stress-ng---cpu-3---cpu-method-double--t-30-stress-ng---cpu-3---cpu-method-int64float--t-30-20260928_100554.csv,12.56975743,0.0008148224701659804
scaphandreP2-stress-ng---cpu-3---cpu-method-double--t-30-stress-ng---cpu-3---cpu-method-int64float--t-30-20260928_100554.csv,12.28529876,0.0008148224701659804
scaphandreP1-stress-ng---cpu-3---cpu-method-double--t-30-stress-ng---cpu-3---cpu-method-int64float--t-30-20260928_100948.csv,12.530974469999999,0.0005886549669322877
scaphandreP2-stress-ng---cpu-3---cpu-method-double--t-30-stress-ng---cpu-3---cpu-method-int64float--t-30-20260928_100948.csv,12.26257582,0.0005886549669322877
scaphandreP1-stress-ng---cpu-3---cpu-method-double--t-30-stress-ng---cpu-3---cpu-method-int64float--t-30-20260928_101341.csv,12.566539169999999,0.001356114335410602
scaphandreP2-stress-ng---cpu-3---cpu-method-double--t-30-stress-ng---cpu-3---cpu-method-int64float--t-30-20260928_101341.csv,12.31780761,0.001356114335410602
scaphandreP1-stress-ng---cpu-3---cpu-method-double--t-30-stress-ng---cpu-3---cpu-method-int64float--t-30-20260928_101735.csv,12.58577969,0.0004995429994554098
scaphandreP2-stress-ng---cpu-3---cpu-method-double--t-30-stress-ng---cpu-3---cpu-method-int64float--t-30-20260928_101735.csv,12.31356059,0.0004995429994554098
scaphandreP1-stress-ng---cpu-3---cpu-method-double--t-30-stress-ng---cpu-3---cpu-method-int64float--t-30-20260928_102128.csv,12.25068607,0.0008589859116461191
scaphandreP2-stress-ng---cpu-3---cpu-method-double--t-30-stress-ng---cpu-3---cpu-method-int64float--t-30-20260928_102128.csv,12.531065260000002,0.0008589859116461191
scaphandreP1-stress-ng---cpu-3---cpu-method-double--t-30-stress-ng---cpu-3---cpu-method-int64double--t-30-20260928_102522.csv,11.87852475,0.0006343216470966184
scaphandreP2-stress-ng---cpu-3---cpu-method-double--t-30-stress-ng---cpu-3---cpu-method-int64double--t-30-20260928_102522.csv,12.15302595,0.0006343216470966184
scaphandreP1-stress-ng---cpu-3---cpu-method-double--t-30-stress-ng---cpu-3---cpu-method-int64double--t-30-20260928_102915.csv,12.17184251,0.0005164474395731895
scaphandreP2-stress-ng---cpu-3---cpu-method-double--t-30-stress-ng---cpu-3---cpu-method-int64double--t-30-20260928_102915.csv,11.90171899,0.0005164474395731895
scaphandreP1-stress-ng---cpu-3---cpu-method-double--t-30-stress-ng---cpu-3---cpu-method-int64double--t-30-20260928_103309.csv,12.117912809999998,0.000505536306497317
scaphandreP2-stress-ng---cpu-3---cpu-method-double--t-30-stress-ng---cpu-3---cpu-method-int64double--t-30-20260928_103309.csv,11.8667423,0.000505536306497317
scaphandreP1-stress-ng---cpu-3---cpu-method-double--t-30-stress-ng---cpu-3---cpu-method-int64double--t-30-20260928_103702.csv,11.84465765,0.0010151018695770176
scaphandreP2-stress-ng---cpu-3---cpu-method-double--t-30-stress-ng---cpu-3---cpu-method-int64double--t-30-20260928_103702.csv,12.113071699999999,0.0010151018695770176
scaphandreP1-stress-ng---cpu-3---cpu-method-double--t-30-stress-ng---cpu-3---cpu-method-int64double--t-30-20260928_104056.csv,12.133073629999998,0.0011741517452635883
scaphandreP2-stress-ng---cpu-3---cpu-method-double--t-30-stress-ng---cpu-3---cpu-method-int64double--t-30-20260928_104056.csv,11.86479827,0.0011741517452635883
scaphandreP1-stress-ng---cpu-3---cpu-method-double--t-30-stress-ng---matrix-3---matrix-method-prod--t-30-20260928_104449.csv,12.908633400000001,0.0004456398890073385
scaphandreP2-stress-ng---cpu-3---cpu-method-double--t-30-stress-ng---matrix-3---matrix-method-prod--t-30-20260928_104449.csv,12.62448013,0.0004456398890073385
scaphandreP1-stress-ng---cpu-3---cpu-method-double--t-30-stress-ng---matrix-3---matrix-method-prod--t-30-20260928_104842.csv,12.643340190000002,0.0008024422496284587
scaphandreP2-stress-ng---cpu-3---cpu-method-double--t-30-stress-ng---matrix-3---matrix-method-prod--t-30-20260928_104842.csv,12.97001585,0.0008024422496284587
scaphandreP1-stress-ng---cpu-3---cpu-method-double--t-30-stress-ng---matrix-3---matrix-method-prod--t-30-20260928_105236.csv,12.9235125,0.0006038543456584796
scaphandreP2-stress-ng---cpu-3---cpu-method-double--t-30-stress-ng---matrix-3---matrix-method-prod--t-30-20260928_105236.csv,12.65547084,0.0006038543456584796
scaphandreP1-stress-ng---cpu-3---cpu-method-double--t-30-stress-ng---matrix-3---matrix-method-prod--t-30-20260928_105629.csv,12.882845099999999,0.0011903727747029729
scaphandreP2-stress-ng---cpu-3---cpu-method-double--t-30-stress-ng---matrix-3---matrix-method-prod--t-30-20260928_105629.csv,12.61768135,0.0011903727747029729
scaphandreP1-stress-ng---cpu-3---cpu-method-double--t-30-stress-ng---matrix-3---matrix-method-prod--t-30-20260928_110022.csv,12.6510973,0.0005020621581894583
scaphandreP2-stress-ng---cpu-3---cpu-method-double--t-30-stress-ng---matrix-3---matrix-method-prod--t-30-20260928_110022.csv,12.94121185,0.0005020621581894583
scaphandreP1-stress-ng---cpu-3---cpu-method-double--t-30-stress-ng---cpu-3---cpu-method-rand--t-30-20260928_110416.csv,10.56058956,0.0006781239186192666
scaphandreP2-stress-ng---cpu-3---cpu-method-double--t-30-stress-ng---cpu-3---cpu-method-rand--t-30-20260928_110416.csv,10.769862199999999,0.0006781239186192666
scaphandreP1-stress-ng---cpu-3---cpu-method-double--t-30-stress-ng---cpu-3---cpu-method-rand--t-30-20260928_110810.csv,10.57210048,0.0004773972194732033
scaphandreP2-stress-ng---cpu-3---cpu-method-double--t-30-stress-ng---cpu-3---cpu-method-rand--t-30-20260928_110810.csv,10.813501480000001,0.0004773972194732033
scaphandreP1-stress-ng---cpu-3---cpu-method-double--t-30-stress-ng---cpu-3---cpu-method-rand--t-30-20260928_111204.csv,10.852144860000001,0.0009661162541207576
scaphandreP2-stress-ng---cpu-3---cpu-method-double--t-30-stress-ng---cpu-3---cpu-method-rand--t-30-20260928_111204.csv,10.60491125,0.0009661162541207576
scaphandreP1-stress-ng---cpu-3---cpu-method-double--t-30-stress-ng---cpu-3---cpu-method-rand--t-30-20260928_111557.csv,10.568179610000001,0.0008722966442854924
scaphandreP2-stress-ng---cpu-3---cpu-method-double--t-30-stress-ng---cpu-3---cpu-method-rand--t-30-20260928_111557.csv,10.79190857,0.0008722966442854924
scaphandreP1-stress-ng---cpu-3---cpu-method-double--t-30-stress-ng---cpu-3---cpu-method-rand--t-30-20260928_111951.csv,10.534520480000001,0.00047733678540890623
scaphandreP2-stress-ng---cpu-3---cpu-method-double--t-30-stress-ng---cpu-3---cpu-method-rand--t-30-20260928_111951.csv,10.794692260000001,0.00047733678540890623
scaphandreP1-stress-ng---cpu-3---cpu-method-double--t-30-stress-ng---cpu-3---cpu-method-jmp--t-30-20260928_112344.csv,11.371696419999997,0.0007118571769385204
scaphandreP2-stress-ng---cpu-3---cpu-method-double--t-30-stress-ng---cpu-3---cpu-method-jmp--t-30-20260928_112344.csv,11.63378068,0.0007118571769385204
scaphandreP1-stress-ng---cpu-3---cpu-method-double--t-30-stress-ng---cpu-3---cpu-method-jmp--t-30-20260928_112737.csv,11.61839345,0.00037883966983529537
scaphandreP2-stress-ng---cpu-3---cpu-method-double--t-30-stress-ng---cpu-3---cpu-method-jmp--t-30-20260928_112737.csv,11.35416044,0.00037883966983529537
scaphandreP1-stress-ng---cpu-3---cpu-method-double--t-30-stress-ng---cpu-3---cpu-method-jmp--t-30-20260928_113130.csv,11.360895880000001,0.0008309486164904271
scaphandreP2-stress-ng---cpu-3---cpu-method-double--t-30-stress-ng---cpu-3---cpu-method-jmp--t-30-20260928_113130.csv,11.62393885,0.0008309486164904271
scaphandreP1-stress-ng---cpu-3---cpu-method-double--t-30-stress-ng---cpu-3---cpu-method-jmp--t-30-20260928_113524.csv,11.567787260000001,0.00041867405147483607
scaphandreP2-stress-ng---cpu-3---cpu-method-double--t-30-stress-ng---cpu-3---cpu-method-jmp--t-30-20260928_113524.csv,11.314336830000002,0.00041867405147483607
scaphandreP1-stress-ng---cpu-3---cpu-method-double--t-30-stress-ng---cpu-3---cpu-method-jmp--t-30-20260928_113917.csv,11.38023014,0.0011608677613527006
scaphandreP2-stress-ng---cpu-3---cpu-method-double--t-30-stress-ng---cpu-3---cpu-method-jmp--t-30-20260928_113917.csv,11.616946870000001,0.0011608677613527006
scaphandreP1-stress-ng---cpu-3---cpu-method-int64float--t-30-stress-ng---cpu-3---cpu-method-int64double--t-30-20260928_114311.csv,11.957490889999999,0.0010442320049367495
scaphandreP2-stress-ng---cpu-3---cpu-method-int64float--t-30-stress-ng---cpu-3---cpu-method-int64double--t-30-20260928_114311.csv,12.21292033,0.0010442320049367495
scaphandreP1-stress-ng---cpu-3---cpu-method-int64float--t-30-stress-ng---cpu-3---cpu-method-int64double--t-30-20260928_114704.csv,12.285834209999999,0.0007405917074775008
scaphandreP2-stress-ng---cpu-3---cpu-method-int64float--t-30-stress-ng---cpu-3---cpu-method-int64double--t-30-20260928_114704.csv,11.980162040000002,0.0007405917074775008
scaphandreP1-stress-ng---cpu-3---cpu-method-int64float--t-30-stress-ng---cpu-3---cpu-method-int64double--t-30-20260928_115058.csv,12.005051629999999,0.0005275798210484852
scaphandreP2-stress-ng---cpu-3---cpu-method-int64float--t-30-stress-ng---cpu-3---cpu-method-int64double--t-30-20260928_115058.csv,12.2353714,0.0005275798210484852
scaphandreP1-stress-ng---cpu-3---cpu-method-int64float--t-30-stress-ng---cpu-3---cpu-method-int64double--t-30-20260928_115451.csv,11.97318161,0.0003604847222953479
scaphandreP2-stress-ng---cpu-3---cpu-method-int64float--t-30-stress-ng---cpu-3---cpu-method-int64double--t-30-20260928_115451.csv,12.24152791,0.0003604847222953479
scaphandreP1-stress-ng---cpu-3---cpu-method-int64float--t-30-stress-ng---cpu-3---cpu-method-int64double--t-30-20260928_115844.csv,11.974479039999999,0.0006569156954878871
scaphandreP2-stress-ng---cpu-3---cpu-method-int64float--t-30-stress-ng---cpu-3---cpu-method-int64double--t-30-20260928_115844.csv,12.24132918,0.0006569156954878871
scaphandreP1-stress-ng---cpu-3---cpu-method-int64float--t-30-stress-ng---matrix-3---matrix-method-prod--t-30-20260928_120238.csv,12.9792509,0.0010720452904592714
scaphandreP2-stress-ng---cpu-3---cpu-method-int64float--t-30-stress-ng---matrix-3---matrix-method-prod--t-30-20260928_120238.csv,12.68497282,0.0010720452904592714
scaphandreP1-stress-ng---cpu-3---cpu-method-int64float--t-30-stress-ng---matrix-3---matrix-method-prod--t-30-20260928_120631.csv,12.929432349999999,0.000666350517701305
scaphandreP2-stress-ng---cpu-3---cpu-method-int64float--t-30-stress-ng---matrix-3---matrix-method-prod--t-30-20260928_120631.csv,12.655665419999998,0.000666350517701305
scaphandreP1-stress-ng---cpu-3---cpu-method-int64float--t-30-stress-ng---matrix-3---matrix-method-prod--t-30-20260928_121024.csv,13.099393300000001,0.000611501472018034
scaphandreP2-stress-ng---cpu-3---cpu-method-int64float--t-30-stress-ng---matrix-3---matrix-method-prod--t-30-20260928_121024.csv,12.80684608,0.000611501472018034
scaphandreP1-stress-ng---cpu-3---cpu-method-int64float--t-30-stress-ng---matrix-3---matrix-method-prod--t-30-20260928_121418.csv,12.67389254,0.0006102275132627147
scaphandreP2-stress-ng---cpu-3---cpu-method-int64float--t-30-stress-ng---matrix-3---matrix-method-prod--t-30-20260928_121418.csv,12.961569800000001,0.0006102275132627147
scaphandreP1-stress-ng---cpu-3---cpu-method-int64float--t-30-stress-ng---matrix-3---matrix-method-prod--t-30-20260928_121811.csv,12.77676755,0.0007887250826836787
scaphandreP2-stress-ng---cpu-3---cpu-method-int64float--t-30-stress-ng---matrix-3---matrix-method-prod--t-30-20260928_121811.csv,13.0724281,0.0007887250826836787
scaphandreP1-stress-ng---cpu-3---cpu-method-int64float--t-30-stress-ng---cpu-3---cpu-method-rand--t-30-20260928_122204.csv,10.96538488,0.0007581035740217882
scaphandreP2-stress-ng---cpu-3---cpu-method-int64float--t-30-stress-ng---cpu-3---cpu-method-rand--t-30-20260928_122204.csv,10.7527455,0.0007581035740217882
scaphandreP1-stress-ng---cpu-3---cpu-method-int64float--t-30-stress-ng---cpu-3---cpu-method-rand--t-30-20260928_122558.csv,10.66910479,0.000572067609403854
scaphandreP2-stress-ng---cpu-3---cpu-method-int64float--t-30-stress-ng---cpu-3---cpu-method-rand--t-30-20260928_122558.csv,10.91441799,0.000572067609403854
scaphandreP1-stress-ng---cpu-3---cpu-method-int64float--t-30-stress-ng---cpu-3---cpu-method-rand--t-30-20260928_122951.csv,10.69707061,0.0008748392815358634
scaphandreP2-stress-ng---cpu-3---cpu-method-int64float--t-30-stress-ng---cpu-3---cpu-method-rand--t-30-20260928_122951.csv,10.94572516,0.0008748392815358634
scaphandreP1-stress-ng---cpu-3---cpu-method-int64float--t-30-stress-ng---cpu-3---cpu-method-rand--t-30-20260928_123345.csv,11.001242110000002,0.0006869018025427066
scaphandreP2-stress-ng---cpu-3---cpu-method-int64float--t-30-stress-ng---cpu-3---cpu-method-rand--t-30-20260928_123345.csv,10.749976629999999,0.0006869018025427066
scaphandreP1-stress-ng---cpu-3---cpu-method-int64float--t-30-stress-ng---cpu-3---cpu-method-rand--t-30-20260928_123738.csv,10.70995778,0.0008726866925648563
scaphandreP2-stress-ng---cpu-3---cpu-method-int64float--t-30-stress-ng---cpu-3---cpu-method-rand--t-30-20260928_123738.csv,10.93815391,0.0008726866925648563
scaphandreP1-stress-ng---cpu-3---cpu-method-int64float--t-30-stress-ng---cpu-3---cpu-method-jmp--t-30-20260928_124131.csv,11.45967546,0.0008178495275173855
scaphandreP2-stress-ng---cpu-3---cpu-method-int64float--t-30-stress-ng---cpu-3---cpu-method-jmp--t-30-20260928_124131.csv,11.71599977,0.0008178495275173855
scaphandreP1-stress-ng---cpu-3---cpu-method-int64float--t-30-stress-ng---cpu-3---cpu-method-jmp--t-30-20260928_124525.csv,11.47122976,0.0007362733809716957
scaphandreP2-stress-ng---cpu-3---cpu-method-int64float--t-30-stress-ng---cpu-3---cpu-method-jmp--t-30-20260928_124525.csv,11.72238205,0.0007362733809716957
scaphandreP1-stress-ng---cpu-3---cpu-method-int64float--t-30-stress-ng---cpu-3---cpu-method-jmp--t-30-20260928_124918.csv,11.486048120000001,0.0006277077361499982
scaphandreP2-stress-ng---cpu-3---cpu-method-int64float--t-30-stress-ng---cpu-3---cpu-method-jmp--t-30-20260928_124918.csv,11.71967941,0.0006277077361499982
scaphandreP1-stress-ng---cpu-3---cpu-method-int64float--t-30-stress-ng---cpu-3---cpu-method-jmp--t-30-20260928_125311.csv,11.47099593,0.0006421893691730234
scaphandreP2-stress-ng---cpu-3---cpu-method-int64float--t-30-stress-ng---cpu-3---cpu-method-jmp--t-30-20260928_125311.csv,11.73222509,0.0006421893691730234
scaphandreP1-stress-ng---cpu-3---cpu-method-int64float--t-30-stress-ng---cpu-3---cpu-method-jmp--t-30-20260928_125704.csv,11.467499709999998,0.0007318821708446377
scaphandreP2-stress-ng---cpu-3---cpu-method-int64float--t-30-stress-ng---cpu-3---cpu-method-jmp--t-30-20260928_125704.csv,11.709690160000001,0.0007318821708446377
scaphandreP1-stress-ng---cpu-3---cpu-method-int64double--t-30-stress-ng---matrix-3---matrix-method-prod--t-30-20260928_130058.csv,12.46057611,0.002107846283478972
scaphandreP2-stress-ng---cpu-3---cpu-method-int64double--t-30-stress-ng---matrix-3---matrix-method-prod--t-30-20260928_130058.csv,12.68292822,0.002107846283478972
scaphandreP1-stress-ng---cpu-3---cpu-method-int64double--t-30-stress-ng---matrix-3---matrix-method-prod--t-30-20260928_130451.csv,12.4375319,0.0007037613019681599
scaphandreP2-stress-ng---cpu-3---cpu-method-int64double--t-30-stress-ng---matrix-3---matrix-method-prod--t-30-20260928_130451.csv,12.7007237,0.0007037613019681599
scaphandreP1-stress-ng---cpu-3---cpu-method-int64double--t-30-stress-ng---matrix-3---matrix-method-prod--t-30-20260928_130844.csv,12.42629453,0.0005508998449895695
scaphandreP2-stress-ng---cpu-3---cpu-method-int64double--t-30-stress-ng---matrix-3---matrix-method-prod--t-30-20260928_130844.csv,12.743056300000001,0.0005508998449895695
scaphandreP1-stress-ng---cpu-3---cpu-method-int64double--t-30-stress-ng---matrix-3---matrix-method-prod--t-30-20260928_131237.csv,12.432968970000001,0.0010145391717163211
scaphandreP2-stress-ng---cpu-3---cpu-method-int64double--t-30-stress-ng---matrix-3---matrix-method-prod--t-30-20260928_131237.csv,12.692195120000001,0.0010145391717163211
scaphandreP1-stress-ng---cpu-3---cpu-method-int64double--t-30-stress-ng---matrix-3---matrix-method-prod--t-30-20260928_131631.csv,12.41072827,0.0006791782632878266
scaphandreP2-stress-ng---cpu-3---cpu-method-int64double--t-30-stress-ng---matrix-3---matrix-method-prod--t-30-20260928_131631.csv,12.72440975,0.0006791782632878266
scaphandreP1-stress-ng---cpu-3---cpu-method-int64double--t-30-stress-ng---cpu-3---cpu-method-rand--t-30-20260928_132024.csv,10.33009397,0.0008412772176183573
scaphandreP2-stress-ng---cpu-3---cpu-method-int64double--t-30-stress-ng---cpu-3---cpu-method-rand--t-30-20260928_132024.csv,10.57380242,0.0008412772176183573
scaphandreP1-stress-ng---cpu-3---cpu-method-int64double--t-30-stress-ng---cpu-3---cpu-method-rand--t-30-20260928_132418.csv,10.582101330000002,0.0006804054183349535
scaphandreP2-stress-ng---cpu-3---cpu-method-int64double--t-30-stress-ng---cpu-3---cpu-method-rand--t-30-20260928_132418.csv,10.34138525,0.0006804054183349535
scaphandreP1-stress-ng---cpu-3---cpu-method-int64double--t-30-stress-ng---cpu-3---cpu-method-rand--t-30-20260928_132811.csv,10.31622891,0.0009004333792354064
scaphandreP2-stress-ng---cpu-3---cpu-method-int64double--t-30-stress-ng---cpu-3---cpu-method-rand--t-30-20260928_132811.csv,10.55637788,0.0009004333792354064
scaphandreP1-stress-ng---cpu-3---cpu-method-int64double--t-30-stress-ng---cpu-3---cpu-method-rand--t-30-20260928_133205.csv,10.610211629999998,0.0006267419075326011
scaphandreP2-stress-ng---cpu-3---cpu-method-int64double--t-30-stress-ng---cpu-3---cpu-method-rand--t-30-20260928_133205.csv,10.37797106,0.0006267419075326011
scaphandreP1-stress-ng---cpu-3---cpu-method-int64double--t-30-stress-ng---cpu-3---cpu-method-rand--t-30-20260928_133559.csv,10.341605679999999,0.0007220187556791301
scaphandreP2-stress-ng---cpu-3---cpu-method-int64double--t-30-stress-ng---cpu-3---cpu-method-rand--t-30-20260928_133559.csv,10.584409879999999,0.0007220187556791301
scaphandreP1-stress-ng---cpu-3---cpu-method-int64double--t-30-stress-ng---cpu-3---cpu-method-jmp--t-30-20260928_133952.csv,11.205960489999999,0.000574529518704179
scaphandreP2-stress-ng---cpu-3---cpu-method-int64double--t-30-stress-ng---cpu-3---cpu-method-jmp--t-30-20260928_133952.csv,11.453234980000001,0.000574529518704179
scaphandreP1-stress-ng---cpu-3---cpu-method-int64double--t-30-stress-ng---cpu-3---cpu-method-jmp--t-30-20260928_134346.csv,11.38925612,0.0010080350775416571
scaphandreP2-stress-ng---cpu-3---cpu-method-int64double--t-30-stress-ng---cpu-3---cpu-method-jmp--t-30-20260928_134346.csv,11.166806540000001,0.0010080350775416571
scaphandreP1-stress-ng---cpu-3---cpu-method-int64double--t-30-stress-ng---cpu-3---cpu-method-jmp--t-30-20260928_134739.csv,11.40346597,0.0009194426745557762
scaphandreP2-stress-ng---cpu-3---cpu-method-int64double--t-30-stress-ng---cpu-3---cpu-method-jmp--t-30-20260928_134739.csv,11.155634669999998,0.0009194426745557762
scaphandreP1-stress-ng---cpu-3---cpu-method-int64double--t-30-stress-ng---cpu-3---cpu-method-jmp--t-30-20260928_135132.csv,11.419277260000001,0.001404923894776731
scaphandreP2-stress-ng---cpu-3---cpu-method-int64double--t-30-stress-ng---cpu-3---cpu-method-jmp--t-30-20260928_135132.csv,11.20291658,0.001404923894776731
scaphandreP1-stress-ng---cpu-3---cpu-method-int64double--t-30-stress-ng---cpu-3---cpu-method-jmp--t-30-20260928_135525.csv,11.446015989999998,0.0005835479191039516
scaphandreP2-stress-ng---cpu-3---cpu-method-int64double--t-30-stress-ng---cpu-3---cpu-method-jmp--t-30-20260928_135525.csv,11.17397616,0.0005835479191039516
scaphandreP1-stress-ng---matrix-3---matrix-method-prod--t-30-stress-ng---cpu-3---cpu-method-rand--t-30-20260928_135919.csv,11.078021330000002,0.0003877158250102934
scaphandreP2-stress-ng---matrix-3---matrix-method-prod--t-30-stress-ng---cpu-3---cpu-method-rand--t-30-20260928_135919.csv,11.31412392,0.0003877158250102934
scaphandreP1-stress-ng---matrix-3---matrix-method-prod--t-30-stress-ng---cpu-3---cpu-method-rand--t-30-20260928_140312.csv,11.17902245,0.0006767987310304488
scaphandreP2-stress-ng---matrix-3---matrix-method-prod--t-30-stress-ng---cpu-3---cpu-method-rand--t-30-20260928_140312.csv,11.42081578,0.0006767987310304488
scaphandreP1-stress-ng---matrix-3---matrix-method-prod--t-30-stress-ng---cpu-3---cpu-method-rand--t-30-20260928_140705.csv,11.06351004,0.0009506067805372888
scaphandreP2-stress-ng---matrix-3---matrix-method-prod--t-30-stress-ng---cpu-3---cpu-method-rand--t-30-20260928_140705.csv,11.32325703,0.0009506067805372888
scaphandreP1-stress-ng---matrix-3---matrix-method-prod--t-30-stress-ng---cpu-3---cpu-method-rand--t-30-20260928_141059.csv,11.50880025,0.0007057551890502737
scaphandreP2-stress-ng---matrix-3---matrix-method-prod--t-30-stress-ng---cpu-3---cpu-method-rand--t-30-20260928_141059.csv,11.243577559999999,0.0007057551890502737
scaphandreP1-stress-ng---matrix-3---matrix-method-prod--t-30-stress-ng---cpu-3---cpu-method-rand--t-30-20260928_141453.csv,11.337110870000002,0.0007609604703495893
scaphandreP2-stress-ng---matrix-3---matrix-method-prod--t-30-stress-ng---cpu-3---cpu-method-rand--t-30-20260928_141453.csv,11.098111110000001,0.0007609604703495893
scaphandreP1-stress-ng---matrix-3---matrix-method-prod--t-30-stress-ng---cpu-3---cpu-method-jmp--t-30-20260928_141847.csv,11.88387132,0.0006720038597379666
scaphandreP2-stress-ng---matrix-3---matrix-method-prod--t-30-stress-ng---cpu-3---cpu-method-jmp--t-30-20260928_141847.csv,12.168359440000001,0.0006720038597379666
scaphandreP1-stress-ng---matrix-3---matrix-method-prod--t-30-stress-ng---cpu-3---cpu-method-jmp--t-30-20260928_142240.csv,12.092864960000002,0.0005766170650266353
scaphandreP2-stress-ng---matrix-3---matrix-method-prod--t-30-stress-ng---cpu-3---cpu-method-jmp--t-30-20260928_142240.csv,11.796759710000002,0.0005766170650266353
scaphandreP1-stress-ng---matrix-3---matrix-method-prod--t-30-stress-ng---cpu-3---cpu-method-jmp--t-30-20260928_142634.csv,11.855086559999998,0.0005412871899377481
scaphandreP2-stress-ng---matrix-3---matrix-method-prod--t-30-stress-ng---cpu-3---cpu-method-jmp--t-30-20260928_142634.csv,12.09565498,0.0005412871899377481
scaphandreP1-stress-ng---matrix-3---matrix-method-prod--t-30-stress-ng---cpu-3---cpu-method-jmp--t-30-20260928_143027.csv,11.86620934,0.000651778237226347
scaphandreP2-stress-ng---matrix-3---matrix-method-prod--t-30-stress-ng---cpu-3---cpu-method-jmp--t-30-20260928_143027.csv,12.13351637,0.000651778237226347
scaphandreP1-stress-ng---matrix-3---matrix-method-prod--t-30-stress-ng---cpu-3---cpu-method-jmp--t-30-20260928_143421.csv,11.9878405,0.0005600530036651718
scaphandreP2-stress-ng---matrix-3---matrix-method-prod--t-30-stress-ng---cpu-3---cpu-method-jmp--t-30-20260928_143421.csv,12.254327419999997,0.0005600530036651718
scaphandreP1-stress-ng---cpu-3---cpu-method-rand--t-30-stress-ng---cpu-3---cpu-method-jmp--t-30-20260928_143815.csv,10.06437418,0.0006302726122087727
scaphandreP2-stress-ng---cpu-3---cpu-method-rand--t-30-stress-ng---cpu-3---cpu-method-jmp--t-30-20260928_143815.csv,9.810340210000001,0.0006302726122087727
scaphandreP1-stress-ng---cpu-3---cpu-method-rand--t-30-stress-ng---cpu-3---cpu-method-jmp--t-30-20260928_144208.csv,9.81981196,0.0007602469419519215
scaphandreP2-stress-ng---cpu-3---cpu-method-rand--t-30-stress-ng---cpu-3---cpu-method-jmp--t-30-20260928_144208.csv,10.02951954,0.0007602469419519215
scaphandreP1-stress-ng---cpu-3---cpu-method-rand--t-30-stress-ng---cpu-3---cpu-method-jmp--t-30-20260928_144601.csv,10.042404629999998,0.0004648612004055885
scaphandreP2-stress-ng---cpu-3---cpu-method-rand--t-30-stress-ng---cpu-3---cpu-method-jmp--t-30-20260928_144601.csv,9.789465940000001,0.0004648612004055885
scaphandreP1-stress-ng---cpu-3---cpu-method-rand--t-30-stress-ng---cpu-3---cpu-method-jmp--t-30-20260928_144955.csv,10.01776977,0.0007207110549601785
scaphandreP2-stress-ng---cpu-3---cpu-method-rand--t-30-stress-ng---cpu-3---cpu-method-jmp--t-30-20260928_144955.csv,9.83759975,0.0007207110549601785
scaphandreP1-stress-ng---cpu-3---cpu-method-rand--t-30-stress-ng---cpu-3---cpu-method-jmp--t-30-20260928_145348.csv,10.02603816,0.0005257186227690374
scaphandreP2-stress-ng---cpu-3---cpu-method-rand--t-30-stress-ng---cpu-3---cpu-method-jmp--t-30-20260928_145348.csv,9.8188454,0.0005257186227690374
