stress-ng---cpu-6---cpu-method-queens--t-30-20260924_121141.csv,24.4723993227684,0.008322237037118985
ativo-24.4723993227684-0.0-20260924_121142,24.4723993227684,null
stress-ng---cpu-6---cpu-method-ackermann--t-30-20260924_122103.csv,23.837423456480558,0.016193789086127935
ativo-23.837423456480558-0.0-20260924_122103,23.837423456480558,null
stress-ng---cpu-6---cpu-method-ackermann--t-30-20260924_122454.csv,23.845728972512394,0.006561777356448466
ativo-23.845728972512394-0.0-20260924_122455,23.845728972512394,null
stress-ng---cpu-6---cpu-method-ackermann--t-30-20260924_122846.csv,23.85991884808585,0.0027457160144556017
ativo-23.85991884808585-0.0-20260924_122846,23.85991884808585,null
stress-ng---cpu-6---cpu-method-ackermann--t-30-20260924_123238.csv,23.867004256111084,0.005980833203281921
ativo-23.867004256111084-0.0-20260924_123238,23.867004256111084,null
stress-ng---cpu-6---cpu-method-ackermann--t-30-20260924_123629.csv,23.860007732679964,0.0034196956932781176
ativo-23.860007732679964-0.0-20260924_123629,23.860007732679964,null
stress-ng---cpu-6---cpu-method-queens--t-30-20260924_124020.csv,24.58295264408094,0.011761713824612687
ativo-24.58295264408094-0.0-20260924_124021,24.58295264408094,null
stress-ng---cpu-6---cpu-method-queens--t-30-20260924_124412.csv,24.575475156763453,0.009193861885483627
ativo-24.575475156763453-0.0-20260924_124412,24.575475156763453,null
stress-ng---cpu-6---cpu-method-queens--t-30-20260924_124804.csv,24.578150652715188,0.005752132506012204
ativo-24.578150652715188-0.0-20260924_124804,24.578150652715188,null
stress-ng---cpu-6---cpu-method-queens--t-30-20260924_125155.csv,24.568666632901564,0.010322663491930163
ativo-24.568666632901564-0.0-20260924_125155,24.568666632901564,null
stress-ng---cpu-6---cpu-method-queens--t-30-20260924_125547.csv,24.555917812369046,0.014174239912371787
ativo-24.555917812369046-0.0-20260924_125547,24.555917812369046,null
stress-ng---cpu-6---cpu-method-fibonacci--t-30-20260924_125938.csv,19.032178619647137,0.015444498711969545
ativo-19.032178619647137-0.0-20260924_125938,19.032178619647137,null
stress-ng---cpu-6---cpu-method-fibonacci--t-30-20260924_130330.csv,19.03568219991576,0.010814564203149288
ativo-19.03568219991576-0.0-20260924_130330,19.03568219991576,null
stress-ng---cpu-6---cpu-method-fibonacci--t-30-20260924_130721.csv,19.04219608412753,0.006311049865436356
ativo-19.04219608412753-0.0-20260924_130722,19.04219608412753,null
stress-ng---cpu-6---cpu-method-fibonacci--t-30-20260924_131113.csv,19.005695876465484,0.011412976954164612
ativo-19.005695876465484-0.0-20260924_131113,19.005695876465484,null
stress-ng---cpu-6---cpu-method-fibonacci--t-30-20260924_131505.csv,19.00303639308673,0.01951443735741187
ativo-19.00303639308673-0.0-20260924_131505,19.00303639308673,null
stress-ng---cpu-6---cpu-method-float--t-30-20260924_131856.csv,22.209275449065316,0.02423431396014585
ativo-22.209275449065316-0.0-20260924_131857,22.209275449065316,null
stress-ng---cpu-6---cpu-method-float--t-30-20260924_132248.csv,22.146581719532985,0.024775167984559424
ativo-22.146581719532985-0.0-20260924_132248,22.146581719532985,null
stress-ng---cpu-6---cpu-method-float--t-30-20260924_132639.csv,22.29812383175636,0.025093891890291
ativo-22.29812383175636-0.0-20260924_132640,22.29812383175636,null
stress-ng---cpu-6---cpu-method-float--t-30-20260924_133031.csv,22.314654931827373,0.014791599448411184
ativo-22.314654931827373-0.0-20260924_133031,22.314654931827373,null
stress-ng---cpu-6---cpu-method-float--t-30-20260924_133422.csv,22.289501952578497,0.023034403330142547
ativo-22.289501952578497-0.0-20260924_133423,22.289501952578497,null
stress-ng---cpu-6---cpu-method-int64--t-30-20260924_133814.csv,20.14752034706157,0.011609154660196935
ativo-20.14752034706157-0.0-20260924_133814,20.14752034706157,null
stress-ng---cpu-6---cpu-method-int64--t-30-20260924_134206.csv,20.143565807721437,0.013424771865672131
ativo-20.143565807721437-0.0-20260924_134206,20.143565807721437,null
stress-ng---cpu-6---cpu-method-int64--t-30-20260924_134557.csv,20.123619308278055,0.018513169160126016
ativo-20.123619308278055-0.0-20260924_134557,20.123619308278055,null
stress-ng---cpu-6---cpu-method-int64--t-30-20260924_134949.csv,20.10931972318611,0.011650712918955752
ativo-20.10931972318611-0.0-20260924_134949,20.10931972318611,null
stress-ng---cpu-6---cpu-method-int64--t-30-20260924_135340.csv,20.11514521408971,0.013836865141627233
ativo-20.11514521408971-0.0-20260924_135341,20.11514521408971,null
stress-ng---cpu-6---cpu-method-double--t-30-20260924_135732.csv,24.490202296343494,0.023727245349969804
ativo-24.490202296343494-0.0-20260924_135733,24.490202296343494,null
stress-ng---cpu-6---cpu-method-double--t-30-20260924_140124.csv,24.552538493023587,0.021238807040738102
ativo-24.552538493023587-0.0-20260924_140124,24.552538493023587,null
stress-ng---cpu-6---cpu-method-double--t-30-20260924_140515.csv,24.589038656890146,0.012224596495194827
ativo-24.589038656890146-0.0-20260924_140516,24.589038656890146,null
stress-ng---cpu-6---cpu-method-double--t-30-20260924_140907.csv,24.564113536344433,0.009591261443653904
ativo-24.564113536344433-0.0-20260924_140907,24.564113536344433,null
stress-ng---cpu-6---cpu-method-double--t-30-20260924_141259.csv,24.952124038333857,0.013988535707207485
ativo-24.952124038333857-0.0-20260924_141259,24.952124038333857,null
stress-ng---cpu-6---cpu-method-int64float--t-30-20260924_141650.csv,25.252434191243594,0.016888114566854354
ativo-25.252434191243594-0.0-20260924_141651,25.252434191243594,null
stress-ng---cpu-6---cpu-method-int64float--t-30-20260924_142042.csv,25.303119064879883,0.01691571782006953
ativo-25.303119064879883-0.0-20260924_142042,25.303119064879883,null
stress-ng---cpu-6---cpu-method-int64float--t-30-20260924_142434.csv,25.308367316982306,0.015858589538713202
ativo-25.308367316982306-0.0-20260924_142434,25.308367316982306,null
stress-ng---cpu-6---cpu-method-int64float--t-30-20260924_142825.csv,25.274538715621237,0.015515516345239951
ativo-25.274538715621237-0.0-20260924_142826,25.274538715621237,null
stress-ng---cpu-6---cpu-method-int64float--t-30-20260924_143217.csv,25.29007563830138,0.01969444731742999
ativo-25.29007563830138-0.0-20260924_143217,25.29007563830138,null
stress-ng---cpu-6---cpu-method-int64double--t-30-20260924_143609.csv,23.89361899260955,0.012330059745703552
ativo-23.89361899260955-0.0-20260924_143609,23.89361899260955,null
stress-ng---cpu-6---cpu-method-int64double--t-30-20260924_144001.csv,23.9569928169312,0.01179709377490127
ativo-23.9569928169312-0.0-20260924_144001,23.9569928169312,null
stress-ng---cpu-6---cpu-method-int64double--t-30-20260924_144353.csv,23.856923683520566,0.014906864367106398
ativo-23.856923683520566-0.0-20260924_144353,23.856923683520566,null
stress-ng---cpu-6---cpu-method-int64double--t-30-20260924_144744.csv,23.89722680375341,0.012736314505096259
ativo-23.89722680375341-0.0-20260924_144745,23.89722680375341,null
stress-ng---cpu-6---cpu-method-int64double--t-30-20260924_145136.csv,23.775136260810143,0.012567089225950987
ativo-23.775136260810143-0.0-20260924_145136,23.775136260810143,null
stress-ng---matrix-6---matrix-method-prod--t-30-20260924_145528.csv,27.038003018547073,0.022149178897438376
ativo-27.038003018547073-0.0-20260924_145528,27.038003018547073,null
stress-ng---matrix-6---matrix-method-prod--t-30-20260924_145919.csv,27.04736425870724,0.03315147781213421
ativo-27.04736425870724-0.0-20260924_145919,27.04736425870724,null
stress-ng---matrix-6---matrix-method-prod--t-30-20260924_150311.csv,26.955963695579488,0.021371646817815823
ativo-26.955963695579488-0.0-20260924_150311,26.955963695579488,null
stress-ng---matrix-6---matrix-method-prod--t-30-20260924_150702.csv,27.009049011506317,0.04199958397901569
ativo-27.009049011506317-0.0-20260924_150702,27.009049011506317,null
stress-ng---matrix-6---matrix-method-prod--t-30-20260924_151054.csv,27.110476677479426,0.022121892721123405
ativo-27.110476677479426-0.0-20260924_151054,27.110476677479426,null
stress-ng---cpu-6---cpu-method-rand--t-30-20260924_151445.csv,18.068320024599902,0.016118191469593913
ativo-18.068320024599902-0.0-20260924_151446,18.068320024599902,null
stress-ng---cpu-6---cpu-method-rand--t-30-20260924_151837.csv,18.120174016301874,0.00744455248459705
ativo-18.120174016301874-0.0-20260924_151838,18.120174016301874,null
stress-ng---cpu-6---cpu-method-rand--t-30-20260924_152229.csv,18.099756027042066,0.011758959334533695
ativo-18.099756027042066-0.0-20260924_152230,18.099756027042066,null
stress-ng---cpu-6---cpu-method-rand--t-30-20260924_152621.csv,18.093918814035327,0.01603670152909933
ativo-18.093918814035327-0.0-20260924_152621,18.093918814035327,null
stress-ng---cpu-6---cpu-method-rand--t-30-20260924_153012.csv,18.13220084113161,0.010597502184155306
ativo-18.13220084113161-0.0-20260924_153013,18.13220084113161,null
stress-ng---cpu-6---cpu-method-jmp--t-30-20260924_153404.csv,21.693240236103588,0.010681131993406956
ativo-21.693240236103588-0.0-20260924_153405,21.693240236103588,null
stress-ng---cpu-6---cpu-method-jmp--t-30-20260924_153756.csv,21.682859527510335,0.012767681525435871
ativo-21.682859527510335-0.0-20260924_153756,21.682859527510335,null
stress-ng---cpu-6---cpu-method-jmp--t-30-20260924_154147.csv,21.657807295729775,0.01725226012564437
ativo-21.657807295729775-0.0-20260924_154148,21.657807295729775,null
stress-ng---cpu-6---cpu-method-jmp--t-30-20260924_154539.csv,21.67924181589492,0.008296532958729619
ativo-21.67924181589492-0.0-20260924_154539,21.67924181589492,null
stress-ng---cpu-6---cpu-method-jmp--t-30-20260924_154931.csv,21.66311908946303,0.009242625918538252
ativo-21.66311908946303-0.0-20260924_154931,21.66311908946303,null
