stress-ng---cpu-3---cpu-method-ackermann--t-30-stress-ng---cpu-3---cpu-method-queens--t-30-20260925_150624.csv,24.190932729462723,0.010984978081418602
ativo-24.190932729462723-0.0-20260925_150624,24.190932729462723,null
stress-ng---cpu-3---cpu-method-ackermann--t-30-stress-ng---cpu-3---cpu-method-queens--t-30-20260925_151015.csv,24.182785178086416,0.030873326035802003
ativo-24.182785178086416-0.0-20260925_151016,24.182785178086416,null
stress-ng---cpu-3---cpu-method-ackermann--t-30-stress-ng---cpu-3---cpu-method-queens--t-30-20260925_151407.csv,24.173482037761225,0.02377678342053794
ativo-24.173482037761225-0.0-20260925_151407,24.173482037761225,null
stress-ng---cpu-3---cpu-method-ackermann--t-30-stress-ng---cpu-3---cpu-method-queens--t-30-20260925_151759.csv,24.210045188885005,0.009454722070142235
ativo-24.210045188885005-0.0-20260925_151759,24.210045188885005,null
stress-ng---cpu-3---cpu-method-ackermann--t-30-stress-ng---cpu-3---cpu-method-queens--t-30-20260925_152150.csv,24.211546964038572,0.009223756504150488
ativo-24.211546964038572-0.0-20260925_152151,24.211546964038572,null
stress-ng---cpu-3---cpu-method-ackermann--t-30-stress-ng---cpu-3---cpu-method-fibonacci--t-30-20260925_152542.csv,21.527190676163332,0.03012535295919513
ativo-21.527190676163332-0.0-20260925_152542,21.527190676163332,null
stress-ng---cpu-3---cpu-method-ackermann--t-30-stress-ng---cpu-3---cpu-method-fibonacci--t-30-20260925_152933.csv,21.620364131319104,0.010138441194552922
ativo-21.620364131319104-0.0-20260925_152934,21.620364131319104,null
stress-ng---cpu-3---cpu-method-ackermann--t-30-stress-ng---cpu-3---cpu-method-fibonacci--t-30-20260925_153325.csv,21.614448483378034,0.021388355176184676
ativo-21.614448483378034-0.0-20260925_153325,21.614448483378034,null
stress-ng---cpu-3---cpu-method-ackermann--t-30-stress-ng---cpu-3---cpu-method-fibonacci--t-30-20260925_153716.csv,21.540034946034876,0.022095879129702158
ativo-21.540034946034876-0.0-20260925_153717,21.540034946034876,null
stress-ng---cpu-3---cpu-method-ackermann--t-30-stress-ng---cpu-3---cpu-method-fibonacci--t-30-20260925_154108.csv,21.55638626371285,0.012256191208444032
ativo-21.55638626371285-0.0-20260925_154108,21.55638626371285,null
stress-ng---cpu-3---cpu-method-ackermann--t-30-stress-ng---cpu-3---cpu-method-float--t-30-20260925_154459.csv,23.08554915663863,0.007238832330165129
ativo-23.08554915663863-0.0-20260925_154500,23.08554915663863,null
stress-ng---cpu-3---cpu-method-ackermann--t-30-stress-ng---cpu-3---cpu-method-float--t-30-20260925_154851.csv,23.11421728661825,0.010288875736316734
ativo-23.11421728661825-0.0-20260925_154851,23.11421728661825,null
stress-ng---cpu-3---cpu-method-ackermann--t-30-stress-ng---cpu-3---cpu-method-float--t-30-20260925_155243.csv,23.11613400751524,0.012276763210316894
ativo-23.11613400751524-0.0-20260925_155243,23.11613400751524,null
stress-ng---cpu-3---cpu-method-ackermann--t-30-stress-ng---cpu-3---cpu-method-float--t-30-20260925_155634.csv,23.09503681847995,0.007792884026924789
ativo-23.09503681847995-0.0-20260925_155635,23.09503681847995,null
stress-ng---cpu-3---cpu-method-ackermann--t-30-stress-ng---cpu-3---cpu-method-float--t-30-20260925_160026.csv,23.156505036873718,0.04296837807187204
ativo-23.156505036873718-0.0-20260925_160026,23.156505036873718,null
stress-ng---cpu-3---cpu-method-ackermann--t-30-stress-ng---cpu-3---cpu-method-int64--t-30-20260925_160418.csv,22.016980221702152,0.00352891682672755
ativo-22.016980221702152-0.0-20260925_160418,22.016980221702152,null
stress-ng---cpu-3---cpu-method-ackermann--t-30-stress-ng---cpu-3---cpu-method-int64--t-30-20260925_160809.csv,22.02026003769184,0.0060998288880915585
ativo-22.02026003769184-0.0-20260925_160809,22.02026003769184,null
stress-ng---cpu-3---cpu-method-ackermann--t-30-stress-ng---cpu-3---cpu-method-int64--t-30-20260925_161201.csv,22.00974527732902,0.010570390685588335
ativo-22.00974527732902-0.0-20260925_161201,22.00974527732902,null
stress-ng---cpu-3---cpu-method-ackermann--t-30-stress-ng---cpu-3---cpu-method-int64--t-30-20260925_161552.csv,21.965373673514044,0.012674579228532296
ativo-21.965373673514044-0.0-20260925_161553,21.965373673514044,null
stress-ng---cpu-3---cpu-method-ackermann--t-30-stress-ng---cpu-3---cpu-method-int64--t-30-20260925_161944.csv,22.009603013187363,0.0060087267614041965
ativo-22.009603013187363-0.0-20260925_161944,22.009603013187363,null
stress-ng---cpu-3---cpu-method-ackermann--t-30-stress-ng---cpu-3---cpu-method-double--t-30-20260925_162336.csv,24.259919531703066,0.016166027966709313
ativo-24.259919531703066-0.0-20260925_162337,24.259919531703066,null
stress-ng---cpu-3---cpu-method-ackermann--t-30-stress-ng---cpu-3---cpu-method-double--t-30-20260925_162728.csv,24.219936113034787,0.014336751979858136
ativo-24.219936113034787-0.0-20260925_162728,24.219936113034787,null
stress-ng---cpu-3---cpu-method-ackermann--t-30-stress-ng---cpu-3---cpu-method-double--t-30-20260925_163119.csv,24.246768735934637,0.007756616658394417
ativo-24.246768735934637-0.0-20260925_163120,24.246768735934637,null
stress-ng---cpu-3---cpu-method-ackermann--t-30-stress-ng---cpu-3---cpu-method-double--t-30-20260925_163511.csv,24.221107021274065,0.01227178453800465
ativo-24.221107021274065-0.0-20260925_163511,24.221107021274065,null
stress-ng---cpu-3---cpu-method-ackermann--t-30-stress-ng---cpu-3---cpu-method-double--t-30-20260925_163902.csv,24.245968574376178,0.004490370045103731
ativo-24.245968574376178-0.0-20260925_163903,24.245968574376178,null
stress-ng---cpu-3---cpu-method-ackermann--t-30-stress-ng---cpu-3---cpu-method-int64float--t-30-20260925_164254.csv,24.577244077895877,0.010700709941520607
ativo-24.577244077895877-0.0-20260925_164254,24.577244077895877,null
stress-ng---cpu-3---cpu-method-ackermann--t-30-stress-ng---cpu-3---cpu-method-int64float--t-30-20260925_164645.csv,24.581694235530684,0.009860499560830651
ativo-24.581694235530684-0.0-20260925_164646,24.581694235530684,null
stress-ng---cpu-3---cpu-method-ackermann--t-30-stress-ng---cpu-3---cpu-method-int64float--t-30-20260925_165037.csv,24.489707152957173,0.01988506099092877
ativo-24.489707152957173-0.0-20260925_165037,24.489707152957173,null
stress-ng---cpu-3---cpu-method-ackermann--t-30-stress-ng---cpu-3---cpu-method-int64float--t-30-20260925_165429.csv,24.55877093945487,0.012794101842110295
ativo-24.55877093945487-0.0-20260925_165429,24.55877093945487,null
stress-ng---cpu-3---cpu-method-ackermann--t-30-stress-ng---cpu-3---cpu-method-int64float--t-30-20260925_165821.csv,24.644345575955338,0.020075471710948957
ativo-24.644345575955338-0.0-20260925_165821,24.644345575955338,null
stress-ng---cpu-3---cpu-method-ackermann--t-30-stress-ng---cpu-3---cpu-method-int64double--t-30-20260925_170213.csv,23.800471358234454,0.011785839046291303
ativo-23.800471358234454-0.0-20260925_170213,23.800471358234454,null
stress-ng---cpu-3---cpu-method-ackermann--t-30-stress-ng---cpu-3---cpu-method-int64double--t-30-20260925_170605.csv,23.8369740700951,0.02014934946464968
ativo-23.8369740700951-0.0-20260925_170605,23.8369740700951,null
stress-ng---cpu-3---cpu-method-ackermann--t-30-stress-ng---cpu-3---cpu-method-int64double--t-30-20260925_170957.csv,23.845194708057697,0.01400544464340294
ativo-23.845194708057697-0.0-20260925_170957,23.845194708057697,null
stress-ng---cpu-3---cpu-method-ackermann--t-30-stress-ng---cpu-3---cpu-method-int64double--t-30-20260925_171348.csv,23.97056531506718,0.009345137010141403
ativo-23.97056531506718-0.0-20260925_171348,23.97056531506718,null
stress-ng---cpu-3---cpu-method-ackermann--t-30-stress-ng---cpu-3---cpu-method-int64double--t-30-20260925_171740.csv,23.845657254011034,0.012150465832151219
ativo-23.845657254011034-0.0-20260925_171740,23.845657254011034,null
stress-ng---cpu-3---cpu-method-ackermann--t-30-stress-ng---matrix-3---matrix-method-prod--t-30-20260925_172132.csv,25.32852629381069,0.015496745906165768
ativo-25.32852629381069-0.0-20260925_172132,25.32852629381069,null
stress-ng---cpu-3---cpu-method-ackermann--t-30-stress-ng---matrix-3---matrix-method-prod--t-30-20260925_172523.csv,25.340596437329317,0.010219484379902695
ativo-25.340596437329317-0.0-20260925_172524,25.340596437329317,null
stress-ng---cpu-3---cpu-method-ackermann--t-30-stress-ng---matrix-3---matrix-method-prod--t-30-20260925_172915.csv,25.35691745540306,0.011790464790532513
ativo-25.35691745540306-0.0-20260925_172915,25.35691745540306,null
stress-ng---cpu-3---cpu-method-ackermann--t-30-stress-ng---matrix-3---matrix-method-prod--t-30-20260925_173306.csv,25.462333554690407,0.03768110208510247
ativo-25.462333554690407-0.0-20260925_173307,25.462333554690407,null
stress-ng---cpu-3---cpu-method-ackermann--t-30-stress-ng---matrix-3---matrix-method-prod--t-30-20260925_173658.csv,25.367530267616466,0.014997173186900088
ativo-25.367530267616466-0.0-20260925_173658,25.367530267616466,null
stress-ng---cpu-3---cpu-method-ackermann--t-30-stress-ng---cpu-3---cpu-method-rand--t-30-20260925_174050.csv,20.983832296323293,0.016881215122215024
ativo-20.983832296323293-0.0-20260925_174050,20.983832296323293,null
stress-ng---cpu-3---cpu-method-ackermann--t-30-stress-ng---cpu-3---cpu-method-rand--t-30-20260925_174441.csv,21.147398822330175,0.012563559421357048
ativo-21.147398822330175-0.0-20260925_174442,21.147398822330175,null
stress-ng---cpu-3---cpu-method-ackermann--t-30-stress-ng---cpu-3---cpu-method-rand--t-30-20260925_174833.csv,21.092806245410234,0.024424254535023147
ativo-21.092806245410234-0.0-20260925_174833,21.092806245410234,null
stress-ng---cpu-3---cpu-method-ackermann--t-30-stress-ng---cpu-3---cpu-method-rand--t-30-20260925_175225.csv,20.95059529869362,0.01132014064508341
ativo-20.95059529869362-0.0-20260925_175225,20.95059529869362,null
stress-ng---cpu-3---cpu-method-ackermann--t-30-stress-ng---cpu-3---cpu-method-rand--t-30-20260925_175616.csv,20.98784836703112,0.012111490114724111
ativo-20.98784836703112-0.0-20260925_175616,20.98784836703112,null
stress-ng---cpu-3---cpu-method-ackermann--t-30-stress-ng---cpu-3---cpu-method-jmp--t-30-20260925_180008.csv,22.768820799389147,0.008970417855210593
ativo-22.768820799389147-0.0-20260925_180008,22.768820799389147,null
stress-ng---cpu-3---cpu-method-ackermann--t-30-stress-ng---cpu-3---cpu-method-jmp--t-30-20260925_180359.csv,22.777432609186043,0.004568017773793188
ativo-22.777432609186043-0.0-20260925_180359,22.777432609186043,null
stress-ng---cpu-3---cpu-method-ackermann--t-30-stress-ng---cpu-3---cpu-method-jmp--t-30-20260925_180751.csv,22.733448745156128,0.0177724226847707
ativo-22.733448745156128-0.0-20260925_180752,22.733448745156128,null
stress-ng---cpu-3---cpu-method-ackermann--t-30-stress-ng---cpu-3---cpu-method-jmp--t-30-20260925_181143.csv,22.771824075917422,0.0050157179342767075
ativo-22.771824075917422-0.0-20260925_181143,22.771824075917422,null
stress-ng---cpu-3---cpu-method-ackermann--t-30-stress-ng---cpu-3---cpu-method-jmp--t-30-20260925_181535.csv,22.78178432886012,0.009137972599867787
ativo-22.78178432886012-0.0-20260925_181535,22.78178432886012,null
stress-ng---cpu-3---cpu-method-queens--t-30-stress-ng---cpu-3---cpu-method-fibonacci--t-30-20260925_181926.csv,21.663016005960152,0.012003882319371571
ativo-21.663016005960152-0.0-20260925_181926,21.663016005960152,null
stress-ng---cpu-3---cpu-method-queens--t-30-stress-ng---cpu-3---cpu-method-fibonacci--t-30-20260925_182318.csv,21.928454320899217,0.01965048009772748
ativo-21.928454320899217-0.0-20260925_182318,21.928454320899217,null
stress-ng---cpu-3---cpu-method-queens--t-30-stress-ng---cpu-3---cpu-method-fibonacci--t-30-20260925_182709.csv,21.74360514690654,0.03841059607040173
ativo-21.74360514690654-0.0-20260925_182710,21.74360514690654,null
stress-ng---cpu-3---cpu-method-queens--t-30-stress-ng---cpu-3---cpu-method-fibonacci--t-30-20260925_183101.csv,21.937804493628583,0.014405429043218156
ativo-21.937804493628583-0.0-20260925_183101,21.937804493628583,null
stress-ng---cpu-3---cpu-method-queens--t-30-stress-ng---cpu-3---cpu-method-fibonacci--t-30-20260925_183452.csv,21.774898273044208,0.02222081584635621
ativo-21.774898273044208-0.0-20260925_183453,21.774898273044208,null
stress-ng---cpu-3---cpu-method-queens--t-30-stress-ng---cpu-3---cpu-method-float--t-30-20260925_183844.csv,23.464413879657382,0.010876866304595646
ativo-23.464413879657382-0.0-20260925_183844,23.464413879657382,null
stress-ng---cpu-3---cpu-method-queens--t-30-stress-ng---cpu-3---cpu-method-float--t-30-20260925_184235.csv,23.479163429894296,0.008989867874591917
ativo-23.479163429894296-0.0-20260925_184236,23.479163429894296,null
stress-ng---cpu-3---cpu-method-queens--t-30-stress-ng---cpu-3---cpu-method-float--t-30-20260925_184627.csv,23.459117079629095,0.007845080173228134
ativo-23.459117079629095-0.0-20260925_184627,23.459117079629095,null
stress-ng---cpu-3---cpu-method-queens--t-30-stress-ng---cpu-3---cpu-method-float--t-30-20260925_185019.csv,23.4304372625268,0.027069559581509663
ativo-23.4304372625268-0.0-20260925_185019,23.4304372625268,null
stress-ng---cpu-3---cpu-method-queens--t-30-stress-ng---cpu-3---cpu-method-float--t-30-20260925_185410.csv,23.42346544398909,0.01717786900165593
ativo-23.42346544398909-0.0-20260925_185411,23.42346544398909,null
stress-ng---cpu-3---cpu-method-queens--t-30-stress-ng---cpu-3---cpu-method-int64--t-30-20260925_185802.csv,22.256525239951195,0.022578655961355134
ativo-22.256525239951195-0.0-20260925_185802,22.256525239951195,null
stress-ng---cpu-3---cpu-method-queens--t-30-stress-ng---cpu-3---cpu-method-int64--t-30-20260925_190153.csv,22.26707881298542,0.019033659326461137
ativo-22.26707881298542-0.0-20260925_190154,22.26707881298542,null
stress-ng---cpu-3---cpu-method-queens--t-30-stress-ng---cpu-3---cpu-method-int64--t-30-20260925_190545.csv,22.336275674076134,0.012324347720402105
ativo-22.336275674076134-0.0-20260925_190545,22.336275674076134,null
stress-ng---cpu-3---cpu-method-queens--t-30-stress-ng---cpu-3---cpu-method-int64--t-30-20260925_190936.csv,22.383896923871056,0.006055865311034741
ativo-22.383896923871056-0.0-20260925_190937,22.383896923871056,null
stress-ng---cpu-3---cpu-method-queens--t-30-stress-ng---cpu-3---cpu-method-int64--t-30-20260925_191328.csv,22.398523649676253,0.015279186810997296
ativo-22.398523649676253-0.0-20260925_191328,22.398523649676253,null
stress-ng---cpu-3---cpu-method-queens--t-30-stress-ng---cpu-3---cpu-method-double--t-30-20260925_191719.csv,24.575558812260258,0.004379081538898471
ativo-24.575558812260258-0.0-20260925_191720,24.575558812260258,null
stress-ng---cpu-3---cpu-method-queens--t-30-stress-ng---cpu-3---cpu-method-double--t-30-20260925_192111.csv,24.521795493034368,0.02013751510353337
ativo-24.521795493034368-0.0-20260925_192111,24.521795493034368,null
stress-ng---cpu-3---cpu-method-queens--t-30-stress-ng---cpu-3---cpu-method-double--t-30-20260925_192503.csv,24.51081829368494,0.013802201830755442
ativo-24.51081829368494-0.0-20260925_192503,24.51081829368494,null
stress-ng---cpu-3---cpu-method-queens--t-30-stress-ng---cpu-3---cpu-method-double--t-30-20260925_192854.csv,24.56229444930818,0.011779876367068835
ativo-24.56229444930818-0.0-20260925_192855,24.56229444930818,null
stress-ng---cpu-3---cpu-method-queens--t-30-stress-ng---cpu-3---cpu-method-double--t-30-20260925_193246.csv,24.5428491808785,0.01601692186406497
ativo-24.5428491808785-0.0-20260925_193246,24.5428491808785,null
stress-ng---cpu-3---cpu-method-queens--t-30-stress-ng---cpu-3---cpu-method-int64float--t-30-20260925_193637.csv,24.73875325417074,0.025112889794520525
ativo-24.73875325417074-0.0-20260925_193638,24.73875325417074,null
stress-ng---cpu-3---cpu-method-queens--t-30-stress-ng---cpu-3---cpu-method-int64float--t-30-20260925_194029.csv,25.15451467917098,0.01955500304424602
ativo-25.15451467917098-0.0-20260925_194029,25.15451467917098,null
stress-ng---cpu-3---cpu-method-queens--t-30-stress-ng---cpu-3---cpu-method-int64float--t-30-20260925_194420.csv,24.54932942144055,0.016676812348436803
ativo-24.54932942144055-0.0-20260925_194421,24.54932942144055,null
stress-ng---cpu-3---cpu-method-queens--t-30-stress-ng---cpu-3---cpu-method-int64float--t-30-20260925_194812.csv,24.6217917952329,0.03304893327546569
ativo-24.6217917952329-0.0-20260925_194812,24.6217917952329,null
stress-ng---cpu-3---cpu-method-queens--t-30-stress-ng---cpu-3---cpu-method-int64float--t-30-20260925_195204.csv,24.582332486794552,0.02922237092540653
ativo-24.582332486794552-0.0-20260925_195204,24.582332486794552,null
stress-ng---cpu-3---cpu-method-queens--t-30-stress-ng---cpu-3---cpu-method-int64double--t-30-20260925_195555.csv,24.047498708460193,0.022267002297250753
ativo-24.047498708460193-0.0-20260925_195556,24.047498708460193,null
stress-ng---cpu-3---cpu-method-queens--t-30-stress-ng---cpu-3---cpu-method-int64double--t-30-20260925_195947.csv,24.048170658357247,0.01426733592929756
ativo-24.048170658357247-0.0-20260925_195947,24.048170658357247,null
stress-ng---cpu-3---cpu-method-queens--t-30-stress-ng---cpu-3---cpu-method-int64double--t-30-20260925_200338.csv,24.17423636237936,0.020492712228490917
ativo-24.17423636237936-0.0-20260925_200339,24.17423636237936,null
stress-ng---cpu-3---cpu-method-queens--t-30-stress-ng---cpu-3---cpu-method-int64double--t-30-20260925_200730.csv,24.19104065661486,0.01253021166043917
ativo-24.19104065661486-0.0-20260925_200730,24.19104065661486,null
stress-ng---cpu-3---cpu-method-queens--t-30-stress-ng---cpu-3---cpu-method-int64double--t-30-20260925_201121.csv,24.161640897062952,0.013679934194012252
ativo-24.161640897062952-0.0-20260925_201122,24.161640897062952,null
stress-ng---cpu-3---cpu-method-queens--t-30-stress-ng---matrix-3---matrix-method-prod--t-30-20260925_201513.csv,25.73052680445004,0.025350304009610882
ativo-25.73052680445004-0.0-20260925_201513,25.73052680445004,null
stress-ng---cpu-3---cpu-method-queens--t-30-stress-ng---matrix-3---matrix-method-prod--t-30-20260925_201905.csv,25.67984685500354,0.019645655378378694
ativo-25.67984685500354-0.0-20260925_201905,25.67984685500354,null
stress-ng---cpu-3---cpu-method-queens--t-30-stress-ng---matrix-3---matrix-method-prod--t-30-20260925_202256.csv,25.741032883330586,0.021669613825414855
ativo-25.741032883330586-0.0-20260925_202256,25.741032883330586,null
stress-ng---cpu-3---cpu-method-queens--t-30-stress-ng---matrix-3---matrix-method-prod--t-30-20260925_202648.csv,25.861896704708812,0.02588406615933513
ativo-25.861896704708812-0.0-20260925_202648,25.861896704708812,null
stress-ng---cpu-3---cpu-method-queens--t-30-stress-ng---matrix-3---matrix-method-prod--t-30-20260925_203039.csv,25.758791381665475,0.026394674593297855
ativo-25.758791381665475-0.0-20260925_203039,25.758791381665475,null
stress-ng---cpu-3---cpu-method-queens--t-30-stress-ng---cpu-3---cpu-method-rand--t-30-20260925_203431.csv,21.540355399664456,0.0087290956834802
ativo-21.540355399664456-0.0-20260925_203431,21.540355399664456,null
stress-ng---cpu-3---cpu-method-queens--t-30-stress-ng---cpu-3---cpu-method-rand--t-30-20260925_203822.csv,21.523766832569855,0.012679844335571261
ativo-21.523766832569855-0.0-20260925_203823,21.523766832569855,null
stress-ng---cpu-3---cpu-method-queens--t-30-stress-ng---cpu-3---cpu-method-rand--t-30-20260925_204214.csv,21.458668299262296,0.01745049912486104
ativo-21.458668299262296-0.0-20260925_204214,21.458668299262296,null
stress-ng---cpu-3---cpu-method-queens--t-30-stress-ng---cpu-3---cpu-method-rand--t-30-20260925_204605.csv,21.473745409085247,0.023496273590309737
ativo-21.473745409085247-0.0-20260925_204606,21.473745409085247,null
stress-ng---cpu-3---cpu-method-queens--t-30-stress-ng---cpu-3---cpu-method-rand--t-30-20260925_204957.csv,21.45752861558185,0.011787072698378073
ativo-21.45752861558185-0.0-20260925_204957,21.45752861558185,null
stress-ng---cpu-3---cpu-method-queens--t-30-stress-ng---cpu-3---cpu-method-jmp--t-30-20260925_205349.csv,23.096040747388695,0.012124854051227468
ativo-23.096040747388695-0.0-20260925_205349,23.096040747388695,null
stress-ng---cpu-3---cpu-method-queens--t-30-stress-ng---cpu-3---cpu-method-jmp--t-30-20260925_205740.csv,23.12871642856313,0.009153836903229061
ativo-23.12871642856313-0.0-20260925_205741,23.12871642856313,null
stress-ng---cpu-3---cpu-method-queens--t-30-stress-ng---cpu-3---cpu-method-jmp--t-30-20260925_210132.csv,23.131208918579222,0.006354302131842444
ativo-23.131208918579222-0.0-20260925_210132,23.131208918579222,null
stress-ng---cpu-3---cpu-method-queens--t-30-stress-ng---cpu-3---cpu-method-jmp--t-30-20260925_210523.csv,23.12216990384154,0.007244672723717977
ativo-23.12216990384154-0.0-20260925_210524,23.12216990384154,null
stress-ng---cpu-3---cpu-method-queens--t-30-stress-ng---cpu-3---cpu-method-jmp--t-30-20260925_210915.csv,23.12478009323593,0.00705942343985817
ativo-23.12478009323593-0.0-20260925_210915,23.12478009323593,null
stress-ng---cpu-3---cpu-method-fibonacci--t-30-stress-ng---cpu-3---cpu-method-float--t-30-20260925_211307.csv,20.532832497138347,0.018493822745098504
ativo-20.532832497138347-0.0-20260925_211307,20.532832497138347,null
stress-ng---cpu-3---cpu-method-fibonacci--t-30-stress-ng---cpu-3---cpu-method-float--t-30-20260925_211658.csv,20.72214860251988,0.036069133606323286
ativo-20.72214860251988-0.0-20260925_211659,20.72214860251988,null
stress-ng---cpu-3---cpu-method-fibonacci--t-30-stress-ng---cpu-3---cpu-method-float--t-30-20260925_212050.csv,20.812056789559783,0.024366270322760078
ativo-20.812056789559783-0.0-20260925_212050,20.812056789559783,null
stress-ng---cpu-3---cpu-method-fibonacci--t-30-stress-ng---cpu-3---cpu-method-float--t-30-20260925_212442.csv,20.71341170437075,0.02198933885967618
ativo-20.71341170437075-0.0-20260925_212442,20.71341170437075,null
stress-ng---cpu-3---cpu-method-fibonacci--t-30-stress-ng---cpu-3---cpu-method-float--t-30-20260925_212833.csv,20.55142871989012,0.03866499356718423
ativo-20.55142871989012-0.0-20260925_212834,20.55142871989012,null
stress-ng---cpu-3---cpu-method-fibonacci--t-30-stress-ng---cpu-3---cpu-method-int64--t-30-20260925_213225.csv,19.67914487942833,0.029009911659937788
ativo-19.67914487942833-0.0-20260925_213225,19.67914487942833,null
stress-ng---cpu-3---cpu-method-fibonacci--t-30-stress-ng---cpu-3---cpu-method-int64--t-30-20260925_213616.csv,19.76796677484779,0.016396304869631017
ativo-19.76796677484779-0.0-20260925_213617,19.76796677484779,null
stress-ng---cpu-3---cpu-method-fibonacci--t-30-stress-ng---cpu-3---cpu-method-int64--t-30-20260925_214008.csv,19.643379393616048,0.038166744129522055
ativo-19.643379393616048-0.0-20260925_214008,19.643379393616048,null
stress-ng---cpu-3---cpu-method-fibonacci--t-30-stress-ng---cpu-3---cpu-method-int64--t-30-20260925_214400.csv,19.472347719928656,0.02041548430687458
ativo-19.472347719928656-0.0-20260925_214400,19.472347719928656,null
stress-ng---cpu-3---cpu-method-fibonacci--t-30-stress-ng---cpu-3---cpu-method-int64--t-30-20260925_214751.csv,19.438091847417553,0.014710799342962443
ativo-19.438091847417553-0.0-20260925_214751,19.438091847417553,null
stress-ng---cpu-3---cpu-method-fibonacci--t-30-stress-ng---cpu-3---cpu-method-double--t-30-20260925_215143.csv,22.026932506307297,0.004139709459333398
ativo-22.026932506307297-0.0-20260925_215143,22.026932506307297,null
stress-ng---cpu-3---cpu-method-fibonacci--t-30-stress-ng---cpu-3---cpu-method-double--t-30-20260925_215534.csv,22.03673911578145,0.004979087026756965
ativo-22.03673911578145-0.0-20260925_215535,22.03673911578145,null
stress-ng---cpu-3---cpu-method-fibonacci--t-30-stress-ng---cpu-3---cpu-method-double--t-30-20260925_215926.csv,22.030533254434555,0.0018732299417203225
ativo-22.030533254434555-0.0-20260925_215926,22.030533254434555,null
stress-ng---cpu-3---cpu-method-fibonacci--t-30-stress-ng---cpu-3---cpu-method-double--t-30-20260925_220318.csv,22.013786840524638,0.007841568805728567
ativo-22.013786840524638-0.0-20260925_220318,22.013786840524638,null
stress-ng---cpu-3---cpu-method-fibonacci--t-30-stress-ng---cpu-3---cpu-method-double--t-30-20260925_220709.csv,22.028701420355116,0.006918204817534619
ativo-22.028701420355116-0.0-20260925_220709,22.028701420355116,null
stress-ng---cpu-3---cpu-method-fibonacci--t-30-stress-ng---cpu-3---cpu-method-int64float--t-30-20260925_221101.csv,22.06783197461069,0.012671725847594748
ativo-22.06783197461069-0.0-20260925_221101,22.06783197461069,null
stress-ng---cpu-3---cpu-method-fibonacci--t-30-stress-ng---cpu-3---cpu-method-int64float--t-30-20260925_221452.csv,22.02337071964209,0.018928915059743902
ativo-22.02337071964209-0.0-20260925_221453,22.02337071964209,null
stress-ng---cpu-3---cpu-method-fibonacci--t-30-stress-ng---cpu-3---cpu-method-int64float--t-30-20260925_221844.csv,22.191155476829046,0.04668176889401441
ativo-22.191155476829046-0.0-20260925_221844,22.191155476829046,null
stress-ng---cpu-3---cpu-method-fibonacci--t-30-stress-ng---cpu-3---cpu-method-int64float--t-30-20260925_222235.csv,22.0467273013854,0.01350384850311436
ativo-22.0467273013854-0.0-20260925_222236,22.0467273013854,null
stress-ng---cpu-3---cpu-method-fibonacci--t-30-stress-ng---cpu-3---cpu-method-int64float--t-30-20260925_222627.csv,22.053128211657352,0.02135212260075557
ativo-22.053128211657352-0.0-20260925_222627,22.053128211657352,null
stress-ng---cpu-3---cpu-method-fibonacci--t-30-stress-ng---cpu-3---cpu-method-int64double--t-30-20260925_223018.csv,21.69838538102918,0.01257619005309973
ativo-21.69838538102918-0.0-20260925_223019,21.69838538102918,null
stress-ng---cpu-3---cpu-method-fibonacci--t-30-stress-ng---cpu-3---cpu-method-int64double--t-30-20260925_223410.csv,21.506429639028585,0.02050453611513945
ativo-21.506429639028585-0.0-20260925_223410,21.506429639028585,null
stress-ng---cpu-3---cpu-method-fibonacci--t-30-stress-ng---cpu-3---cpu-method-int64double--t-30-20260925_223801.csv,21.402415140781283,0.017932926257439103
ativo-21.402415140781283-0.0-20260925_223802,21.402415140781283,null
stress-ng---cpu-3---cpu-method-fibonacci--t-30-stress-ng---cpu-3---cpu-method-int64double--t-30-20260925_224153.csv,21.441073827734932,0.014053451224992021
ativo-21.441073827734932-0.0-20260925_224153,21.441073827734932,null
stress-ng---cpu-3---cpu-method-fibonacci--t-30-stress-ng---cpu-3---cpu-method-int64double--t-30-20260925_224545.csv,21.49644989024275,0.01511766403960697
ativo-21.49644989024275-0.0-20260925_224545,21.49644989024275,null
stress-ng---cpu-3---cpu-method-fibonacci--t-30-stress-ng---matrix-3---matrix-method-prod--t-30-20260925_224936.csv,23.118036129163926,0.00735759200506524
ativo-23.118036129163926-0.0-20260925_224937,23.118036129163926,null
stress-ng---cpu-3---cpu-method-fibonacci--t-30-stress-ng---matrix-3---matrix-method-prod--t-30-20260925_225328.csv,23.10451187092361,0.013231879914600148
ativo-23.10451187092361-0.0-20260925_225328,23.10451187092361,null
stress-ng---cpu-3---cpu-method-fibonacci--t-30-stress-ng---matrix-3---matrix-method-prod--t-30-20260925_225720.csv,23.100379281985518,0.01258528917715449
ativo-23.100379281985518-0.0-20260925_225720,23.100379281985518,null
stress-ng---cpu-3---cpu-method-fibonacci--t-30-stress-ng---matrix-3---matrix-method-prod--t-30-20260925_230111.csv,23.12854370013227,0.006434589710248322
ativo-23.12854370013227-0.0-20260925_230111,23.12854370013227,null
stress-ng---cpu-3---cpu-method-fibonacci--t-30-stress-ng---matrix-3---matrix-method-prod--t-30-20260925_230503.csv,23.015869600071092,0.019130031911301276
ativo-23.015869600071092-0.0-20260925_230503,23.015869600071092,null
stress-ng---cpu-3---cpu-method-fibonacci--t-30-stress-ng---cpu-3---cpu-method-rand--t-30-20260925_230854.csv,18.574290357707316,0.016626929229368224
ativo-18.574290357707316-0.0-20260925_230855,18.574290357707316,null
stress-ng---cpu-3---cpu-method-fibonacci--t-30-stress-ng---cpu-3---cpu-method-rand--t-30-20260925_231246.csv,18.61182473824752,0.009150521518852109
ativo-18.61182473824752-0.0-20260925_231246,18.61182473824752,null
stress-ng---cpu-3---cpu-method-fibonacci--t-30-stress-ng---cpu-3---cpu-method-rand--t-30-20260925_231637.csv,18.611991633256416,0.013357848939805322
ativo-18.611991633256416-0.0-20260925_231638,18.611991633256416,null
stress-ng---cpu-3---cpu-method-fibonacci--t-30-stress-ng---cpu-3---cpu-method-rand--t-30-20260925_232029.csv,18.647578655088445,0.016224883720422915
ativo-18.647578655088445-0.0-20260925_232029,18.647578655088445,null
stress-ng---cpu-3---cpu-method-fibonacci--t-30-stress-ng---cpu-3---cpu-method-rand--t-30-20260925_232420.csv,18.622024829932755,0.010756717799404123
ativo-18.622024829932755-0.0-20260925_232421,18.622024829932755,null
stress-ng---cpu-3---cpu-method-fibonacci--t-30-stress-ng---cpu-3---cpu-method-jmp--t-30-20260925_232812.csv,20.246287229896566,0.020245972570323238
ativo-20.246287229896566-0.0-20260925_232812,20.246287229896566,null
stress-ng---cpu-3---cpu-method-fibonacci--t-30-stress-ng---cpu-3---cpu-method-jmp--t-30-20260925_233204.csv,20.479983905783858,0.01945568166781793
ativo-20.479983905783858-0.0-20260925_233204,20.479983905783858,null
stress-ng---cpu-3---cpu-method-fibonacci--t-30-stress-ng---cpu-3---cpu-method-jmp--t-30-20260925_233555.csv,20.44548227579667,0.03152306579124155
ativo-20.44548227579667-0.0-20260925_233556,20.44548227579667,null
stress-ng---cpu-3---cpu-method-fibonacci--t-30-stress-ng---cpu-3---cpu-method-jmp--t-30-20260925_233947.csv,20.488849057564536,0.021713775791084154
ativo-20.488849057564536-0.0-20260925_233947,20.488849057564536,null
stress-ng---cpu-3---cpu-method-fibonacci--t-30-stress-ng---cpu-3---cpu-method-jmp--t-30-20260925_234339.csv,20.172208898718758,0.011727737165806731
ativo-20.172208898718758-0.0-20260925_234339,20.172208898718758,null
stress-ng---cpu-3---cpu-method-float--t-30-stress-ng---cpu-3---cpu-method-int64--t-30-20260925_234730.csv,21.269195374143372,0.006546403944448057
ativo-21.269195374143372-0.0-20260925_234730,21.269195374143372,null
stress-ng---cpu-3---cpu-method-float--t-30-stress-ng---cpu-3---cpu-method-int64--t-30-20260925_235122.csv,21.27554946265572,0.009943999807011184
ativo-21.27554946265572-0.0-20260925_235122,21.27554946265572,null
stress-ng---cpu-3---cpu-method-float--t-30-stress-ng---cpu-3---cpu-method-int64--t-30-20260925_235513.csv,21.25460843662801,0.016866502211380772
ativo-21.25460843662801-0.0-20260925_235514,21.25460843662801,null
stress-ng---cpu-3---cpu-method-float--t-30-stress-ng---cpu-3---cpu-method-int64--t-30-20260925_235905.csv,21.280620460252813,0.0029296196070344982
ativo-21.280620460252813-0.0-20260925_235905,21.280620460252813,null
stress-ng---cpu-3---cpu-method-float--t-30-stress-ng---cpu-3---cpu-method-int64--t-30-20260926_000256.csv,21.275952114702676,0.011024203911210992
ativo-21.275952114702676-0.0-20260926_000257,21.275952114702676,null
stress-ng---cpu-3---cpu-method-float--t-30-stress-ng---cpu-3---cpu-method-double--t-30-20260926_000648.csv,23.50088298275262,0.012956446482480727
ativo-23.50088298275262-0.0-20260926_000648,23.50088298275262,null
stress-ng---cpu-3---cpu-method-float--t-30-stress-ng---cpu-3---cpu-method-double--t-30-20260926_001039.csv,23.482326646943296,0.009730122749998875
ativo-23.482326646943296-0.0-20260926_001040,23.482326646943296,null
stress-ng---cpu-3---cpu-method-float--t-30-stress-ng---cpu-3---cpu-method-double--t-30-20260926_001432.csv,23.622458851569327,0.026444100460202395
ativo-23.622458851569327-0.0-20260926_001432,23.622458851569327,null
stress-ng---cpu-3---cpu-method-float--t-30-stress-ng---cpu-3---cpu-method-double--t-30-20260926_001823.csv,23.496651763659365,0.005558498613086446
ativo-23.496651763659365-0.0-20260926_001824,23.496651763659365,null
stress-ng---cpu-3---cpu-method-float--t-30-stress-ng---cpu-3---cpu-method-double--t-30-20260926_002215.csv,23.47055314931281,0.008808622130796088
ativo-23.47055314931281-0.0-20260926_002215,23.47055314931281,null
stress-ng---cpu-3---cpu-method-float--t-30-stress-ng---cpu-3---cpu-method-int64float--t-30-20260926_002606.csv,23.862486336745654,0.004699059773277778
ativo-23.862486336745654-0.0-20260926_002607,23.862486336745654,null
stress-ng---cpu-3---cpu-method-float--t-30-stress-ng---cpu-3---cpu-method-int64float--t-30-20260926_002958.csv,23.85179815948428,0.006012900566531162
ativo-23.85179815948428-0.0-20260926_002958,23.85179815948428,null
stress-ng---cpu-3---cpu-method-float--t-30-stress-ng---cpu-3---cpu-method-int64float--t-30-20260926_003349.csv,23.821270517785056,0.021600818399699215
ativo-23.821270517785056-0.0-20260926_003350,23.821270517785056,null
stress-ng---cpu-3---cpu-method-float--t-30-stress-ng---cpu-3---cpu-method-int64float--t-30-20260926_003741.csv,23.684824024130286,0.01879966246533941
ativo-23.684824024130286-0.0-20260926_003741,23.684824024130286,null
stress-ng---cpu-3---cpu-method-float--t-30-stress-ng---cpu-3---cpu-method-int64float--t-30-20260926_004132.csv,23.857933943292473,0.005547942650628743
ativo-23.857933943292473-0.0-20260926_004133,23.857933943292473,null
stress-ng---cpu-3---cpu-method-float--t-30-stress-ng---cpu-3---cpu-method-int64double--t-30-20260926_004524.csv,23.07310388563379,0.014286103353934642
ativo-23.07310388563379-0.0-20260926_004524,23.07310388563379,null
stress-ng---cpu-3---cpu-method-float--t-30-stress-ng---cpu-3---cpu-method-int64double--t-30-20260926_004916.csv,23.078590497796203,0.010060606107946063
ativo-23.078590497796203-0.0-20260926_004916,23.078590497796203,null
stress-ng---cpu-3---cpu-method-float--t-30-stress-ng---cpu-3---cpu-method-int64double--t-30-20260926_005307.csv,23.21027953562902,0.010696727807542706
ativo-23.21027953562902-0.0-20260926_005307,23.21027953562902,null
stress-ng---cpu-3---cpu-method-float--t-30-stress-ng---cpu-3---cpu-method-int64double--t-30-20260926_005659.csv,23.01273603739456,0.016373456703811278
ativo-23.01273603739456-0.0-20260926_005659,23.01273603739456,null
stress-ng---cpu-3---cpu-method-float--t-30-stress-ng---cpu-3---cpu-method-int64double--t-30-20260926_010051.csv,23.177941614724258,0.008350072173829718
ativo-23.177941614724258-0.0-20260926_010051,23.177941614724258,null
stress-ng---cpu-3---cpu-method-float--t-30-stress-ng---matrix-3---matrix-method-prod--t-30-20260926_010442.csv,24.56106897114737,0.014107908302042088
ativo-24.56106897114737-0.0-20260926_010442,24.56106897114737,null
stress-ng---cpu-3---cpu-method-float--t-30-stress-ng---matrix-3---matrix-method-prod--t-30-20260926_010834.csv,24.573630749531567,0.007080076764678737
ativo-24.573630749531567-0.0-20260926_010834,24.573630749531567,null
stress-ng---cpu-3---cpu-method-float--t-30-stress-ng---matrix-3---matrix-method-prod--t-30-20260926_011225.csv,24.55485253942971,0.013786218766335007
ativo-24.55485253942971-0.0-20260926_011226,24.55485253942971,null
stress-ng---cpu-3---cpu-method-float--t-30-stress-ng---matrix-3---matrix-method-prod--t-30-20260926_011617.csv,24.59821930949719,0.005464450286628018
ativo-24.59821930949719-0.0-20260926_011617,24.59821930949719,null
stress-ng---cpu-3---cpu-method-float--t-30-stress-ng---matrix-3---matrix-method-prod--t-30-20260926_012009.csv,24.59886722435598,0.0017382192352963432
ativo-24.59886722435598-0.0-20260926_012009,24.59886722435598,null
stress-ng---cpu-3---cpu-method-float--t-30-stress-ng---cpu-3---cpu-method-rand--t-30-20260926_012400.csv,20.14459362421399,0.008499729557484358
ativo-20.14459362421399-0.0-20260926_012400,20.14459362421399,null
stress-ng---cpu-3---cpu-method-float--t-30-stress-ng---cpu-3---cpu-method-rand--t-30-20260926_012752.csv,20.111153008058622,0.02698054615334735
ativo-20.111153008058622-0.0-20260926_012752,20.111153008058622,null
stress-ng---cpu-3---cpu-method-float--t-30-stress-ng---cpu-3---cpu-method-rand--t-30-20260926_013143.csv,20.19916142759982,0.015756720723299117
ativo-20.19916142759982-0.0-20260926_013144,20.19916142759982,null
stress-ng---cpu-3---cpu-method-float--t-30-stress-ng---cpu-3---cpu-method-rand--t-30-20260926_013535.csv,20.151537556377072,0.008252174197681844
ativo-20.151537556377072-0.0-20260926_013535,20.151537556377072,null
stress-ng---cpu-3---cpu-method-float--t-30-stress-ng---cpu-3---cpu-method-rand--t-30-20260926_013927.csv,20.264225463131957,0.01668780164315213
ativo-20.264225463131957-0.0-20260926_013927,20.264225463131957,null
stress-ng---cpu-3---cpu-method-float--t-30-stress-ng---cpu-3---cpu-method-jmp--t-30-20260926_014318.csv,21.95838944879519,0.020394456165068676
ativo-21.95838944879519-0.0-20260926_014318,21.95838944879519,null
stress-ng---cpu-3---cpu-method-float--t-30-stress-ng---cpu-3---cpu-method-jmp--t-30-20260926_014710.csv,22.045440308486455,0.007823937896372658
ativo-22.045440308486455-0.0-20260926_014710,22.045440308486455,null
stress-ng---cpu-3---cpu-method-float--t-30-stress-ng---cpu-3---cpu-method-jmp--t-30-20260926_015101.csv,22.033186782058095,0.007483694253990943
ativo-22.033186782058095-0.0-20260926_015101,22.033186782058095,null
stress-ng---cpu-3---cpu-method-float--t-30-stress-ng---cpu-3---cpu-method-jmp--t-30-20260926_015453.csv,22.024958506948096,0.011188707330648348
ativo-22.024958506948096-0.0-20260926_015453,22.024958506948096,null
stress-ng---cpu-3---cpu-method-float--t-30-stress-ng---cpu-3---cpu-method-jmp--t-30-20260926_015844.csv,22.01887585794636,0.008173151999662565
ativo-22.01887585794636-0.0-20260926_015845,22.01887585794636,null
stress-ng---cpu-3---cpu-method-int64--t-30-stress-ng---cpu-3---cpu-method-double--t-30-20260926_020236.csv,22.374255691247033,0.012857516614275496
ativo-22.374255691247033-0.0-20260926_020236,22.374255691247033,null
stress-ng---cpu-3---cpu-method-int64--t-30-stress-ng---cpu-3---cpu-method-double--t-30-20260926_020627.csv,22.39452810055969,0.0030455458993645323
ativo-22.39452810055969-0.0-20260926_020628,22.39452810055969,null
stress-ng---cpu-3---cpu-method-int64--t-30-stress-ng---cpu-3---cpu-method-double--t-30-20260926_021019.csv,22.75288930256924,0.013412969499069942
ativo-22.75288930256924-0.0-20260926_021019,22.75288930256924,null
stress-ng---cpu-3---cpu-method-int64--t-30-stress-ng---cpu-3---cpu-method-double--t-30-20260926_021410.csv,22.379104948160442,0.011269481922615962
ativo-22.379104948160442-0.0-20260926_021411,22.379104948160442,null
stress-ng---cpu-3---cpu-method-int64--t-30-stress-ng---cpu-3---cpu-method-double--t-30-20260926_021802.csv,22.47972401889505,0.021135394821458636
ativo-22.47972401889505-0.0-20260926_021802,22.47972401889505,null
stress-ng---cpu-3---cpu-method-int64--t-30-stress-ng---cpu-3---cpu-method-int64float--t-30-20260926_022153.csv,22.75538575691443,0.0071272312920983025
ativo-22.75538575691443-0.0-20260926_022154,22.75538575691443,null
stress-ng---cpu-3---cpu-method-int64--t-30-stress-ng---cpu-3---cpu-method-int64float--t-30-20260926_022545.csv,22.736193710582487,0.007760610039561373
ativo-22.736193710582487-0.0-20260926_022545,22.736193710582487,null
stress-ng---cpu-3---cpu-method-int64--t-30-stress-ng---cpu-3---cpu-method-int64float--t-30-20260926_022936.csv,22.75838458746347,0.008094923891955427
ativo-22.75838458746347-0.0-20260926_022937,22.75838458746347,null
stress-ng---cpu-3---cpu-method-int64--t-30-stress-ng---cpu-3---cpu-method-int64float--t-30-20260926_023328.csv,22.755632803213263,0.005226430376576161
ativo-22.755632803213263-0.0-20260926_023328,22.755632803213263,null
stress-ng---cpu-3---cpu-method-int64--t-30-stress-ng---cpu-3---cpu-method-int64float--t-30-20260926_023719.csv,22.74066566145136,0.0064570442408820785
ativo-22.74066566145136-0.0-20260926_023720,22.74066566145136,null
stress-ng---cpu-3---cpu-method-int64--t-30-stress-ng---cpu-3---cpu-method-int64double--t-30-20260926_024111.csv,22.002966879798038,0.009166532841988024
ativo-22.002966879798038-0.0-20260926_024111,22.002966879798038,null
stress-ng---cpu-3---cpu-method-int64--t-30-stress-ng---cpu-3---cpu-method-int64double--t-30-20260926_024503.csv,22.023875530955113,0.015940945963710818
ativo-22.023875530955113-0.0-20260926_024503,22.023875530955113,null
stress-ng---cpu-3---cpu-method-int64--t-30-stress-ng---cpu-3---cpu-method-int64double--t-30-20260926_024854.csv,22.013057773602856,0.01670233295975031
ativo-22.013057773602856-0.0-20260926_024855,22.013057773602856,null
stress-ng---cpu-3---cpu-method-int64--t-30-stress-ng---cpu-3---cpu-method-int64double--t-30-20260926_025246.csv,22.012285006116052,0.00932280258022562
ativo-22.012285006116052-0.0-20260926_025246,22.012285006116052,null
stress-ng---cpu-3---cpu-method-int64--t-30-stress-ng---cpu-3---cpu-method-int64double--t-30-20260926_025637.csv,22.06915329712637,0.009398630124936908
ativo-22.06915329712637-0.0-20260926_025638,22.06915329712637,null
stress-ng---cpu-3---cpu-method-int64--t-30-stress-ng---matrix-3---matrix-method-prod--t-30-20260926_030029.csv,23.526025960813673,0.007380965257522503
ativo-23.526025960813673-0.0-20260926_030029,23.526025960813673,null
stress-ng---cpu-3---cpu-method-int64--t-30-stress-ng---matrix-3---matrix-method-prod--t-30-20260926_030420.csv,23.821445030560653,0.025043522275009052
ativo-23.821445030560653-0.0-20260926_030421,23.821445030560653,null
stress-ng---cpu-3---cpu-method-int64--t-30-stress-ng---matrix-3---matrix-method-prod--t-30-20260926_030812.csv,23.783152678454528,0.035344653667581036
ativo-23.783152678454528-0.0-20260926_030812,23.783152678454528,null
stress-ng---cpu-3---cpu-method-int64--t-30-stress-ng---matrix-3---matrix-method-prod--t-30-20260926_031203.csv,23.80784663279258,0.02677804221317462
ativo-23.80784663279258-0.0-20260926_031204,23.80784663279258,null
stress-ng---cpu-3---cpu-method-int64--t-30-stress-ng---matrix-3---matrix-method-prod--t-30-20260926_031555.csv,23.540054373167315,0.020374990131311808
ativo-23.540054373167315-0.0-20260926_031555,23.540054373167315,null
stress-ng---cpu-3---cpu-method-int64--t-30-stress-ng---cpu-3---cpu-method-rand--t-30-20260926_031947.csv,19.10008188368614,0.016047335244515484
ativo-19.10008188368614-0.0-20260926_031947,19.10008188368614,null
stress-ng---cpu-3---cpu-method-int64--t-30-stress-ng---cpu-3---cpu-method-rand--t-30-20260926_032338.csv,19.205609696090853,0.02044864137423204
ativo-19.205609696090853-0.0-20260926_032338,19.205609696090853,null
stress-ng---cpu-3---cpu-method-int64--t-30-stress-ng---cpu-3---cpu-method-rand--t-30-20260926_032730.csv,19.08732781284957,0.012130104472647212
ativo-19.08732781284957-0.0-20260926_032730,19.08732781284957,null
stress-ng---cpu-3---cpu-method-int64--t-30-stress-ng---cpu-3---cpu-method-rand--t-30-20260926_033121.csv,19.05191578095473,0.007443557496886604
ativo-19.05191578095473-0.0-20260926_033121,19.05191578095473,null
stress-ng---cpu-3---cpu-method-int64--t-30-stress-ng---cpu-3---cpu-method-rand--t-30-20260926_033513.csv,19.0960032691938,0.017177945728288787
ativo-19.0960032691938-0.0-20260926_033513,19.0960032691938,null
stress-ng---cpu-3---cpu-method-int64--t-30-stress-ng---cpu-3---cpu-method-jmp--t-30-20260926_033904.csv,20.918611441958358,0.008688270893091378
ativo-20.918611441958358-0.0-20260926_033904,20.918611441958358,null
stress-ng---cpu-3---cpu-method-int64--t-30-stress-ng---cpu-3---cpu-method-jmp--t-30-20260926_034256.csv,20.898760232567348,0.016735397801139182
ativo-20.898760232567348-0.0-20260926_034256,20.898760232567348,null
stress-ng---cpu-3---cpu-method-int64--t-30-stress-ng---cpu-3---cpu-method-jmp--t-30-20260926_034647.csv,20.922609727745446,0.004723066875457026
ativo-20.922609727745446-0.0-20260926_034648,20.922609727745446,null
stress-ng---cpu-3---cpu-method-int64--t-30-stress-ng---cpu-3---cpu-method-jmp--t-30-20260926_035039.csv,20.933518260055582,0.0034926043535292196
ativo-20.933518260055582-0.0-20260926_035039,20.933518260055582,null
stress-ng---cpu-3---cpu-method-int64--t-30-stress-ng---cpu-3---cpu-method-jmp--t-30-20260926_035430.csv,20.914712987874786,0.008019725276363257
ativo-20.914712987874786-0.0-20260926_035431,20.914712987874786,null
stress-ng---cpu-3---cpu-method-double--t-30-stress-ng---cpu-3---cpu-method-int64float--t-30-20260926_035822.csv,24.966802095228665,0.003838947812928902
ativo-24.966802095228665-0.0-20260926_035823,24.966802095228665,null
stress-ng---cpu-3---cpu-method-double--t-30-stress-ng---cpu-3---cpu-method-int64float--t-30-20260926_040214.csv,24.94919712721711,0.00760340218505189
ativo-24.94919712721711-0.0-20260926_040214,24.94919712721711,null
stress-ng---cpu-3---cpu-method-double--t-30-stress-ng---cpu-3---cpu-method-int64float--t-30-20260926_040605.csv,25.159733195198363,0.028499020736639763
ativo-25.159733195198363-0.0-20260926_040606,25.159733195198363,null
stress-ng---cpu-3---cpu-method-double--t-30-stress-ng---cpu-3---cpu-method-int64float--t-30-20260926_040957.csv,24.943238794336025,0.008842904981170827
ativo-24.943238794336025-0.0-20260926_040957,24.943238794336025,null
stress-ng---cpu-3---cpu-method-double--t-30-stress-ng---cpu-3---cpu-method-int64float--t-30-20260926_041348.csv,24.918056299903174,0.024124254996599998
ativo-24.918056299903174-0.0-20260926_041349,24.918056299903174,null
stress-ng---cpu-3---cpu-method-double--t-30-stress-ng---cpu-3---cpu-method-int64double--t-30-20260926_041740.csv,24.286917405534503,0.012467068360477578
ativo-24.286917405534503-0.0-20260926_041740,24.286917405534503,null
stress-ng---cpu-3---cpu-method-double--t-30-stress-ng---cpu-3---cpu-method-int64double--t-30-20260926_042132.csv,24.27388904640128,0.00580817743394652
ativo-24.27388904640128-0.0-20260926_042132,24.27388904640128,null
stress-ng---cpu-3---cpu-method-double--t-30-stress-ng---cpu-3---cpu-method-int64double--t-30-20260926_042523.csv,24.28570336628711,0.013347071252042595
ativo-24.28570336628711-0.0-20260926_042524,24.28570336628711,null
stress-ng---cpu-3---cpu-method-double--t-30-stress-ng---cpu-3---cpu-method-int64double--t-30-20260926_042915.csv,24.459358102681396,0.007369225608336492
ativo-24.459358102681396-0.0-20260926_042915,24.459358102681396,null
stress-ng---cpu-3---cpu-method-double--t-30-stress-ng---cpu-3---cpu-method-int64double--t-30-20260926_043306.csv,24.298527061391233,0.00728774304193307
ativo-24.298527061391233-0.0-20260926_043307,24.298527061391233,null
stress-ng---cpu-3---cpu-method-double--t-30-stress-ng---matrix-3---matrix-method-prod--t-30-20260926_043658.csv,26.03883956970982,0.0163377292125877
ativo-26.03883956970982-0.0-20260926_043658,26.03883956970982,null
stress-ng---cpu-3---cpu-method-double--t-30-stress-ng---matrix-3---matrix-method-prod--t-30-20260926_044049.csv,25.98411766712838,0.015149365665990962
ativo-25.98411766712838-0.0-20260926_044050,25.98411766712838,null
stress-ng---cpu-3---cpu-method-double--t-30-stress-ng---matrix-3---matrix-method-prod--t-30-20260926_044441.csv,26.001967513731095,0.012900788828716819
ativo-26.001967513731095-0.0-20260926_044441,26.001967513731095,null
stress-ng---cpu-3---cpu-method-double--t-30-stress-ng---matrix-3---matrix-method-prod--t-30-20260926_044832.csv,26.03117547050208,0.006469479626434868
ativo-26.03117547050208-0.0-20260926_044833,26.03117547050208,null
stress-ng---cpu-3---cpu-method-double--t-30-stress-ng---matrix-3---matrix-method-prod--t-30-20260926_045224.csv,26.024790632952374,0.005453850488438486
ativo-26.024790632952374-0.0-20260926_045224,26.024790632952374,null
stress-ng---cpu-3---cpu-method-double--t-30-stress-ng---cpu-3---cpu-method-rand--t-30-20260926_045616.csv,21.61986225629615,0.010749450822083643
ativo-21.61986225629615-0.0-20260926_045616,21.61986225629615,null
stress-ng---cpu-3---cpu-method-double--t-30-stress-ng---cpu-3---cpu-method-rand--t-30-20260926_050007.csv,21.625815391584286,0.011013933179667566
ativo-21.625815391584286-0.0-20260926_050008,21.625815391584286,null
stress-ng---cpu-3---cpu-method-double--t-30-stress-ng---cpu-3---cpu-method-rand--t-30-20260926_050359.csv,21.629740672489465,0.0047455802781345615
ativo-21.629740672489465-0.0-20260926_050359,21.629740672489465,null
stress-ng---cpu-3---cpu-method-double--t-30-stress-ng---cpu-3---cpu-method-rand--t-30-20260926_050751.csv,21.54677659566812,0.010433309200999491
ativo-21.54677659566812-0.0-20260926_050751,21.54677659566812,null
stress-ng---cpu-3---cpu-method-double--t-30-stress-ng---cpu-3---cpu-method-rand--t-30-20260926_051142.csv,21.63002407244282,0.0056687127192415684
ativo-21.63002407244282-0.0-20260926_051143,21.63002407244282,null
stress-ng---cpu-3---cpu-method-double--t-30-stress-ng---cpu-3---cpu-method-jmp--t-30-20260926_051534.csv,23.140671365386236,0.012567474662416001
ativo-23.140671365386236-0.0-20260926_051534,23.140671365386236,null
stress-ng---cpu-3---cpu-method-double--t-30-stress-ng---cpu-3---cpu-method-jmp--t-30-20260926_051925.csv,23.105317447004268,0.010062145069779774
ativo-23.105317447004268-0.0-20260926_051926,23.105317447004268,null
stress-ng---cpu-3---cpu-method-double--t-30-stress-ng---cpu-3---cpu-method-jmp--t-30-20260926_052317.csv,23.105400826023388,0.019864377344735795
ativo-23.105400826023388-0.0-20260926_052317,23.105400826023388,null
stress-ng---cpu-3---cpu-method-double--t-30-stress-ng---cpu-3---cpu-method-jmp--t-30-20260926_052709.csv,23.473653679111646,0.004949473188872231
ativo-23.473653679111646-0.0-20260926_052709,23.473653679111646,null
stress-ng---cpu-3---cpu-method-double--t-30-stress-ng---cpu-3---cpu-method-jmp--t-30-20260926_053100.csv,23.48405523940685,0.01013222131453402
ativo-23.48405523940685-0.0-20260926_053100,23.48405523940685,null
stress-ng---cpu-3---cpu-method-int64float--t-30-stress-ng---cpu-3---cpu-method-int64double--t-30-20260926_053452.csv,24.511452133946143,0.013508507032278374
ativo-24.511452133946143-0.0-20260926_053452,24.511452133946143,null
stress-ng---cpu-3---cpu-method-int64float--t-30-stress-ng---cpu-3---cpu-method-int64double--t-30-20260926_053843.csv,24.552422596569592,0.014401213566403065
ativo-24.552422596569592-0.0-20260926_053844,24.552422596569592,null
stress-ng---cpu-3---cpu-method-int64float--t-30-stress-ng---cpu-3---cpu-method-int64double--t-30-20260926_054235.csv,24.423271863523713,0.009494918589108031
ativo-24.423271863523713-0.0-20260926_054235,24.423271863523713,null
stress-ng---cpu-3---cpu-method-int64float--t-30-stress-ng---cpu-3---cpu-method-int64double--t-30-20260926_054626.csv,24.509991516674685,0.010308455817868385
ativo-24.509991516674685-0.0-20260926_054627,24.509991516674685,null
stress-ng---cpu-3---cpu-method-int64float--t-30-stress-ng---cpu-3---cpu-method-int64double--t-30-20260926_055018.csv,24.45293526394797,0.007975123782507842
ativo-24.45293526394797-0.0-20260926_055018,24.45293526394797,null
stress-ng---cpu-3---cpu-method-int64float--t-30-stress-ng---matrix-3---matrix-method-prod--t-30-20260926_055409.csv,26.058373532829307,0.01135310226399464
ativo-26.058373532829307-0.0-20260926_055410,26.058373532829307,null
stress-ng---cpu-3---cpu-method-int64float--t-30-stress-ng---matrix-3---matrix-method-prod--t-30-20260926_055801.csv,26.065123089688505,0.008792399419717498
ativo-26.065123089688505-0.0-20260926_055801,26.065123089688505,null
stress-ng---cpu-3---cpu-method-int64float--t-30-stress-ng---matrix-3---matrix-method-prod--t-30-20260926_060152.csv,26.064442941043502,0.005545557666310915
ativo-26.064442941043502-0.0-20260926_060153,26.064442941043502,null
stress-ng---cpu-3---cpu-method-int64float--t-30-stress-ng---matrix-3---matrix-method-prod--t-30-20260926_060544.csv,26.057244097913383,0.005477020063588845
ativo-26.057244097913383-0.0-20260926_060544,26.057244097913383,null
stress-ng---cpu-3---cpu-method-int64float--t-30-stress-ng---matrix-3---matrix-method-prod--t-30-20260926_060935.csv,26.02653432277765,0.012363863986220082
ativo-26.02653432277765-0.0-20260926_060936,26.02653432277765,null
stress-ng---cpu-3---cpu-method-int64float--t-30-stress-ng---cpu-3---cpu-method-rand--t-30-20260926_061327.csv,21.6573291125573,0.0076372227160902565
ativo-21.6573291125573-0.0-20260926_061327,21.6573291125573,null
stress-ng---cpu-3---cpu-method-int64float--t-30-stress-ng---cpu-3---cpu-method-rand--t-30-20260926_061718.csv,21.87865176005582,0.020376326778905617
ativo-21.87865176005582-0.0-20260926_061719,21.87865176005582,null
stress-ng---cpu-3---cpu-method-int64float--t-30-stress-ng---cpu-3---cpu-method-rand--t-30-20260926_062110.csv,21.68754336717725,0.014531749592117942
ativo-21.68754336717725-0.0-20260926_062110,21.68754336717725,null
stress-ng---cpu-3---cpu-method-int64float--t-30-stress-ng---cpu-3---cpu-method-rand--t-30-20260926_062502.csv,21.665295963913724,0.014663093714391477
ativo-21.665295963913724-0.0-20260926_062502,21.665295963913724,null
stress-ng---cpu-3---cpu-method-int64float--t-30-stress-ng---cpu-3---cpu-method-rand--t-30-20260926_062853.csv,21.680800381765323,0.008797702533004315
ativo-21.680800381765323-0.0-20260926_062854,21.680800381765323,null
stress-ng---cpu-3---cpu-method-int64float--t-30-stress-ng---cpu-3---cpu-method-jmp--t-30-20260926_063245.csv,23.504031031665257,0.006868883101457794
ativo-23.504031031665257-0.0-20260926_063245,23.504031031665257,null
stress-ng---cpu-3---cpu-method-int64float--t-30-stress-ng---cpu-3---cpu-method-jmp--t-30-20260926_063636.csv,23.39040314316005,0.036312869450083635
ativo-23.39040314316005-0.0-20260926_063637,23.39040314316005,null
stress-ng---cpu-3---cpu-method-int64float--t-30-stress-ng---cpu-3---cpu-method-jmp--t-30-20260926_064028.csv,23.505039660268345,0.006829908115475381
ativo-23.505039660268345-0.0-20260926_064028,23.505039660268345,null
stress-ng---cpu-3---cpu-method-int64float--t-30-stress-ng---cpu-3---cpu-method-jmp--t-30-20260926_064419.csv,23.510508042970898,0.010727899758918509
ativo-23.510508042970898-0.0-20260926_064420,23.510508042970898,null
stress-ng---cpu-3---cpu-method-int64float--t-30-stress-ng---cpu-3---cpu-method-jmp--t-30-20260926_064811.csv,23.519157582698277,0.009260445597598298
ativo-23.519157582698277-0.0-20260926_064811,23.519157582698277,null
stress-ng---cpu-3---cpu-method-int64double--t-30-stress-ng---matrix-3---matrix-method-prod--t-30-20260926_065203.csv,25.452377807073397,0.012592128316664146
ativo-25.452377807073397-0.0-20260926_065203,25.452377807073397,null
stress-ng---cpu-3---cpu-method-int64double--t-30-stress-ng---matrix-3---matrix-method-prod--t-30-20260926_065554.csv,25.477461332619225,0.011377112751768073
ativo-25.477461332619225-0.0-20260926_065555,25.477461332619225,null
stress-ng---cpu-3---cpu-method-int64double--t-30-stress-ng---matrix-3---matrix-method-prod--t-30-20260926_065946.csv,25.441244780859737,0.010325724230466652
ativo-25.441244780859737-0.0-20260926_065946,25.441244780859737,null
stress-ng---cpu-3---cpu-method-int64double--t-30-stress-ng---matrix-3---matrix-method-prod--t-30-20260926_070337.csv,25.520686418302397,0.007611753128335016
ativo-25.520686418302397-0.0-20260926_070338,25.520686418302397,null
stress-ng---cpu-3---cpu-method-int64double--t-30-stress-ng---matrix-3---matrix-method-prod--t-30-20260926_070729.csv,25.601102581582573,0.013578455217469223
ativo-25.601102581582573-0.0-20260926_070729,25.601102581582573,null
stress-ng---cpu-3---cpu-method-int64double--t-30-stress-ng---cpu-3---cpu-method-rand--t-30-20260926_071121.csv,21.098722067355805,0.009240011443966854
ativo-21.098722067355805-0.0-20260926_071121,21.098722067355805,null
stress-ng---cpu-3---cpu-method-int64double--t-30-stress-ng---cpu-3---cpu-method-rand--t-30-20260926_071512.csv,21.069001392850858,0.008649333799814328
ativo-21.069001392850858-0.0-20260926_071512,21.069001392850858,null
stress-ng---cpu-3---cpu-method-int64double--t-30-stress-ng---cpu-3---cpu-method-rand--t-30-20260926_071904.csv,21.040278610387773,0.015534864762372385
ativo-21.040278610387773-0.0-20260926_071904,21.040278610387773,null
stress-ng---cpu-3---cpu-method-int64double--t-30-stress-ng---cpu-3---cpu-method-rand--t-30-20260926_072255.csv,21.089093312341085,0.008398997882825048
ativo-21.089093312341085-0.0-20260926_072255,21.089093312341085,null
stress-ng---cpu-3---cpu-method-int64double--t-30-stress-ng---cpu-3---cpu-method-rand--t-30-20260926_072647.csv,21.07071611544862,0.013520910939578702
ativo-21.07071611544862-0.0-20260926_072647,21.07071611544862,null
stress-ng---cpu-3---cpu-method-int64double--t-30-stress-ng---cpu-3---cpu-method-jmp--t-30-20260926_073038.csv,22.79466427031835,0.011165102337403563
ativo-22.79466427031835-0.0-20260926_073038,22.79466427031835,null
stress-ng---cpu-3---cpu-method-int64double--t-30-stress-ng---cpu-3---cpu-method-jmp--t-30-20260926_073430.csv,22.809392154616074,0.013054309398130397
ativo-22.809392154616074-0.0-20260926_073430,22.809392154616074,null
stress-ng---cpu-3---cpu-method-int64double--t-30-stress-ng---cpu-3---cpu-method-jmp--t-30-20260926_073821.csv,22.76445924585547,0.008838482470809922
ativo-22.76445924585547-0.0-20260926_073822,22.76445924585547,null
stress-ng---cpu-3---cpu-method-int64double--t-30-stress-ng---cpu-3---cpu-method-jmp--t-30-20260926_074213.csv,22.806193844515157,0.00791456617876806
ativo-22.806193844515157-0.0-20260926_074213,22.806193844515157,null
stress-ng---cpu-3---cpu-method-int64double--t-30-stress-ng---cpu-3---cpu-method-jmp--t-30-20260926_074604.csv,22.792876919716228,0.010552441793147412
ativo-22.792876919716228-0.0-20260926_074605,22.792876919716228,null
stress-ng---matrix-3---matrix-method-prod--t-30-stress-ng---cpu-3---cpu-method-rand--t-30-20260926_074956.csv,22.78123911088067,0.009027910749877847
ativo-22.78123911088067-0.0-20260926_074956,22.78123911088067,null
stress-ng---matrix-3---matrix-method-prod--t-30-stress-ng---cpu-3---cpu-method-rand--t-30-20260926_075348.csv,22.761264100867756,0.00699771801017465
ativo-22.761264100867756-0.0-20260926_075348,22.761264100867756,null
stress-ng---matrix-3---matrix-method-prod--t-30-stress-ng---cpu-3---cpu-method-rand--t-30-20260926_075739.csv,22.74072297319057,0.008274258928597214
ativo-22.74072297319057-0.0-20260926_075739,22.74072297319057,null
stress-ng---matrix-3---matrix-method-prod--t-30-stress-ng---cpu-3---cpu-method-rand--t-30-20260926_080131.csv,22.755880572233515,0.009043444809379504
ativo-22.755880572233515-0.0-20260926_080131,22.755880572233515,null
stress-ng---matrix-3---matrix-method-prod--t-30-stress-ng---cpu-3---cpu-method-rand--t-30-20260926_080523.csv,22.74903607345828,0.007024082174654261
ativo-22.74903607345828-0.0-20260926_080523,22.74903607345828,null
stress-ng---matrix-3---matrix-method-prod--t-30-stress-ng---cpu-3---cpu-method-jmp--t-30-20260926_080914.csv,24.457401940407784,0.02775942042136251
ativo-24.457401940407784-0.0-20260926_080914,24.457401940407784,null
stress-ng---matrix-3---matrix-method-prod--t-30-stress-ng---cpu-3---cpu-method-jmp--t-30-20260926_081306.csv,24.252206964665962,0.016800032635520525
ativo-24.252206964665962-0.0-20260926_081306,24.252206964665962,null
stress-ng---matrix-3---matrix-method-prod--t-30-stress-ng---cpu-3---cpu-method-jmp--t-30-20260926_081657.csv,24.236747637401006,0.019122245043075383
ativo-24.236747637401006-0.0-20260926_081658,24.236747637401006,null
stress-ng---matrix-3---matrix-method-prod--t-30-stress-ng---cpu-3---cpu-method-jmp--t-30-20260926_082049.csv,24.231408047825482,0.009004001576127109
ativo-24.231408047825482-0.0-20260926_082049,24.231408047825482,null
stress-ng---matrix-3---matrix-method-prod--t-30-stress-ng---cpu-3---cpu-method-jmp--t-30-20260926_082440.csv,24.238842340909297,0.006925591334997365
ativo-24.238842340909297-0.0-20260926_082441,24.238842340909297,null
stress-ng---cpu-3---cpu-method-rand--t-30-stress-ng---cpu-3---cpu-method-jmp--t-30-20260926_082832.csv,20.029361174448518,0.01667238562975492
ativo-20.029361174448518-0.0-20260926_082832,20.029361174448518,null
stress-ng---cpu-3---cpu-method-rand--t-30-stress-ng---cpu-3---cpu-method-jmp--t-30-20260926_083224.csv,19.857760628320882,0.014759903920544696
ativo-19.857760628320882-0.0-20260926_083224,19.857760628320882,null
stress-ng---cpu-3---cpu-method-rand--t-30-stress-ng---cpu-3---cpu-method-jmp--t-30-20260926_083615.csv,19.976035832386312,0.01571435847460585
ativo-19.976035832386312-0.0-20260926_083615,19.976035832386312,null
stress-ng---cpu-3---cpu-method-rand--t-30-stress-ng---cpu-3---cpu-method-jmp--t-30-20260926_084007.csv,19.898930064302434,0.018780923038469947
ativo-19.898930064302434-0.0-20260926_084007,19.898930064302434,null
stress-ng---cpu-3---cpu-method-rand--t-30-stress-ng---cpu-3---cpu-method-jmp--t-30-20260926_084358.csv,20.051998069316095,0.013573627989506279
ativo-20.051998069316095-0.0-20260926_084358,20.051998069316095,null
