taskset--c-0-stress-ng---cpu-1---cpu-method-ackermann--t-30-20260922_164307.csv,10.628250949111385,0.04035903658336582
residual-stress-ng---cpu-1---cpu-method-ackermann--t-30-20260922_164308,10.628250949111385,null
taskset--c-0-stress-ng---cpu-1---cpu-method-ackermann--t-30-20260922_164659.csv,10.617942149164934,0.029288062341295894
residual-stress-ng---cpu-1---cpu-method-ackermann--t-30-20260922_164659,10.617942149164934,null
taskset--c-0-stress-ng---cpu-1---cpu-method-ackermann--t-30-20260922_165050.csv,10.513794752235023,0.019041818797451895
residual-stress-ng---cpu-1---cpu-method-ackermann--t-30-20260922_165051,10.513794752235023,null
taskset--c-0-stress-ng---cpu-1---cpu-method-ackermann--t-30-20260922_165442.csv,10.566973283014933,0.028353279439783215
residual-stress-ng---cpu-1---cpu-method-ackermann--t-30-20260922_165442,10.566973283014933,null
taskset--c-0-stress-ng---cpu-1---cpu-method-ackermann--t-30-20260922_165833.csv,10.542183703150863,0.02412567822592942
residual-stress-ng---cpu-1---cpu-method-ackermann--t-30-20260922_165834,10.542183703150863,null
taskset--c-0-stress-ng---cpu-1---cpu-method-ackermann--t-30-20260922_170225.csv,10.679369444808062,0.022630515665917988
residual-stress-ng---cpu-1---cpu-method-ackermann--t-30-20260922_170225,10.679369444808062,null
taskset--c-0-stress-ng---cpu-1---cpu-method-ackermann--t-30-20260922_170617.csv,10.493441896962116,0.02200170867672605
residual-stress-ng---cpu-1---cpu-method-ackermann--t-30-20260922_170617,10.493441896962116,null
taskset--c-0-stress-ng---cpu-1---cpu-method-ackermann--t-30-20260922_171009.csv,10.516890468527606,0.02934691803162579
residual-stress-ng---cpu-1---cpu-method-ackermann--t-30-20260922_171009,10.516890468527606,null
taskset--c-0-stress-ng---cpu-1---cpu-method-ackermann--t-30-20260922_171400.csv,10.53085767845475,0.016150221706967862
residual-stress-ng---cpu-1---cpu-method-ackermann--t-30-20260922_171401,10.53085767845475,null
taskset--c-0-stress-ng---cpu-1---cpu-method-ackermann--t-30-20260922_171752.csv,10.571284463619389,0.016368142815915157
residual-stress-ng---cpu-1---cpu-method-ackermann--t-30-20260922_171752,10.571284463619389,null
taskset--c-0-stress-ng---cpu-1---cpu-method-queens--t-30-20260922_172144.csv,10.683377406361917,0.008633543949259425
residual-stress-ng---cpu-1---cpu-method-queens--t-30-20260922_172144,10.683377406361917,null
taskset--c-0-stress-ng---cpu-1---cpu-method-queens--t-30-20260922_172535.csv,10.665491151637609,0.009626230415641908
residual-stress-ng---cpu-1---cpu-method-queens--t-30-20260922_172536,10.665491151637609,null
taskset--c-0-stress-ng---cpu-1---cpu-method-queens--t-30-20260922_172927.csv,10.683215490880695,0.011151099486412448
residual-stress-ng---cpu-1---cpu-method-queens--t-30-20260922_172927,10.683215490880695,null
taskset--c-0-stress-ng---cpu-1---cpu-method-queens--t-30-20260922_173318.csv,10.693654339155902,0.006823866865186602
residual-stress-ng---cpu-1---cpu-method-queens--t-30-20260922_173319,10.693654339155902,null
taskset--c-0-stress-ng---cpu-1---cpu-method-queens--t-30-20260922_173710.csv,10.692280708980924,0.006401307771763373
residual-stress-ng---cpu-1---cpu-method-queens--t-30-20260922_173711,10.692280708980924,null
taskset--c-0-stress-ng---cpu-1---cpu-method-queens--t-30-20260922_174102.csv,10.706091885483294,0.02254133549423103
residual-stress-ng---cpu-1---cpu-method-queens--t-30-20260922_174102,10.706091885483294,null
taskset--c-0-stress-ng---cpu-1---cpu-method-queens--t-30-20260922_174453.csv,10.715199675302944,0.007092358200033853
residual-stress-ng---cpu-1---cpu-method-queens--t-30-20260922_174454,10.715199675302944,null
taskset--c-0-stress-ng---cpu-1---cpu-method-queens--t-30-20260922_174845.csv,10.71765799482227,0.007208350603694282
residual-stress-ng---cpu-1---cpu-method-queens--t-30-20260922_174845,10.71765799482227,null
taskset--c-0-stress-ng---cpu-1---cpu-method-queens--t-30-20260922_175236.csv,10.760782023802543,0.020636235428786256
residual-stress-ng---cpu-1---cpu-method-queens--t-30-20260922_175237,10.760782023802543,null
taskset--c-0-stress-ng---cpu-1---cpu-method-queens--t-30-20260922_175628.csv,10.747406684910965,0.013873966917810353
residual-stress-ng---cpu-1---cpu-method-queens--t-30-20260922_175629,10.747406684910965,null
taskset--c-0-stress-ng---cpu-1---cpu-method-fibonacci--t-30-20260922_180020.csv,9.799707902647134,0.03160215121678594
residual-stress-ng---cpu-1---cpu-method-fibonacci--t-30-20260922_180020,9.799707902647134,null
taskset--c-0-stress-ng---cpu-1---cpu-method-fibonacci--t-30-20260922_180411.csv,9.624822761202525,0.01401708674404038
residual-stress-ng---cpu-1---cpu-method-fibonacci--t-30-20260922_180412,9.624822761202525,null
taskset--c-0-stress-ng---cpu-1---cpu-method-fibonacci--t-30-20260922_180803.csv,9.700430607796397,0.013664533633125645
residual-stress-ng---cpu-1---cpu-method-fibonacci--t-30-20260922_180803,9.700430607796397,null
taskset--c-0-stress-ng---cpu-1---cpu-method-fibonacci--t-30-20260922_181155.csv,9.809326920468164,0.029500107165572904
residual-stress-ng---cpu-1---cpu-method-fibonacci--t-30-20260922_181155,9.809326920468164,null
taskset--c-0-stress-ng---cpu-1---cpu-method-fibonacci--t-30-20260922_181546.csv,9.709442101551947,0.016229189467734967
residual-stress-ng---cpu-1---cpu-method-fibonacci--t-30-20260922_181546,9.709442101551947,null
taskset--c-0-stress-ng---cpu-1---cpu-method-fibonacci--t-30-20260922_181938.csv,9.679854766339396,0.02687732894453643
residual-stress-ng---cpu-1---cpu-method-fibonacci--t-30-20260922_181938,9.679854766339396,null
taskset--c-0-stress-ng---cpu-1---cpu-method-fibonacci--t-30-20260922_182329.csv,9.698198404631496,0.02012575834145349
residual-stress-ng---cpu-1---cpu-method-fibonacci--t-30-20260922_182329,9.698198404631496,null
taskset--c-0-stress-ng---cpu-1---cpu-method-fibonacci--t-30-20260922_182721.csv,9.825526504509863,0.01824685895673891
residual-stress-ng---cpu-1---cpu-method-fibonacci--t-30-20260922_182721,9.825526504509863,null
taskset--c-0-stress-ng---cpu-1---cpu-method-fibonacci--t-30-20260922_183112.csv,9.706543686820547,0.008017835130828113
residual-stress-ng---cpu-1---cpu-method-fibonacci--t-30-20260922_183112,9.706543686820547,null
taskset--c-0-stress-ng---cpu-1---cpu-method-fibonacci--t-30-20260922_183504.csv,9.701680339623405,0.015163044584916945
residual-stress-ng---cpu-1---cpu-method-fibonacci--t-30-20260922_183504,9.701680339623405,null
taskset--c-0-stress-ng---cpu-1---cpu-method-float--t-30-20260922_183855.csv,10.307164882694606,0.009700477887115384
residual-stress-ng---cpu-1---cpu-method-float--t-30-20260922_183855,10.307164882694606,null
taskset--c-0-stress-ng---cpu-1---cpu-method-float--t-30-20260922_184247.csv,10.288910912832565,0.007722694326854702
residual-stress-ng---cpu-1---cpu-method-float--t-30-20260922_184247,10.288910912832565,null
taskset--c-0-stress-ng---cpu-1---cpu-method-float--t-30-20260922_184638.csv,10.326878705347964,0.018305211468460533
residual-stress-ng---cpu-1---cpu-method-float--t-30-20260922_184639,10.326878705347964,null
taskset--c-0-stress-ng---cpu-1---cpu-method-float--t-30-20260922_185030.csv,10.309308196030468,0.008121925960570318
residual-stress-ng---cpu-1---cpu-method-float--t-30-20260922_185030,10.309308196030468,null
taskset--c-0-stress-ng---cpu-1---cpu-method-float--t-30-20260922_185421.csv,10.290881398639092,0.013705418616088646
residual-stress-ng---cpu-1---cpu-method-float--t-30-20260922_185422,10.290881398639092,null
taskset--c-0-stress-ng---cpu-1---cpu-method-float--t-30-20260922_185813.csv,10.316815971403333,0.006164105688131198
residual-stress-ng---cpu-1---cpu-method-float--t-30-20260922_185813,10.316815971403333,null
taskset--c-0-stress-ng---cpu-1---cpu-method-float--t-30-20260922_190204.csv,10.314839930810182,0.019217795281038782
residual-stress-ng---cpu-1---cpu-method-float--t-30-20260922_190205,10.314839930810182,null
taskset--c-0-stress-ng---cpu-1---cpu-method-float--t-30-20260922_190556.csv,10.308345348436324,0.008543352924649314
residual-stress-ng---cpu-1---cpu-method-float--t-30-20260922_190556,10.308345348436324,null
taskset--c-0-stress-ng---cpu-1---cpu-method-float--t-30-20260922_190947.csv,10.314184557726406,0.011099541507736038
residual-stress-ng---cpu-1---cpu-method-float--t-30-20260922_190948,10.314184557726406,null
taskset--c-0-stress-ng---cpu-1---cpu-method-float--t-30-20260922_191339.csv,10.30607579881567,0.017581113484014473
residual-stress-ng---cpu-1---cpu-method-float--t-30-20260922_191340,10.30607579881567,null
taskset--c-0-stress-ng---cpu-1---cpu-method-int64--t-30-20260922_191731.csv,9.932092295913531,0.014347413811361604
residual-stress-ng---cpu-1---cpu-method-int64--t-30-20260922_191731,9.932092295913531,null
taskset--c-0-stress-ng---cpu-1---cpu-method-int64--t-30-20260922_192122.csv,9.925360026298058,0.009932089412741324
residual-stress-ng---cpu-1---cpu-method-int64--t-30-20260922_192123,9.925360026298058,null
taskset--c-0-stress-ng---cpu-1---cpu-method-int64--t-30-20260922_192514.csv,9.916974359504549,0.006541214748401224
residual-stress-ng---cpu-1---cpu-method-int64--t-30-20260922_192514,9.916974359504549,null
taskset--c-0-stress-ng---cpu-1---cpu-method-int64--t-30-20260922_192905.csv,9.926766307669887,0.009451817718835819
residual-stress-ng---cpu-1---cpu-method-int64--t-30-20260922_192906,9.926766307669887,null
taskset--c-0-stress-ng---cpu-1---cpu-method-int64--t-30-20260922_193257.csv,9.909288067643015,0.012560718762508059
residual-stress-ng---cpu-1---cpu-method-int64--t-30-20260922_193257,9.909288067643015,null
taskset--c-0-stress-ng---cpu-1---cpu-method-int64--t-30-20260922_193648.csv,9.917282592872763,0.006197598493026154
residual-stress-ng---cpu-1---cpu-method-int64--t-30-20260922_193649,9.917282592872763,null
taskset--c-0-stress-ng---cpu-1---cpu-method-int64--t-30-20260922_194040.csv,9.984057245741855,0.017329800817579427
residual-stress-ng---cpu-1---cpu-method-int64--t-30-20260922_194040,9.984057245741855,null
taskset--c-0-stress-ng---cpu-1---cpu-method-int64--t-30-20260922_194432.csv,9.931650792821115,0.02347766572685816
residual-stress-ng---cpu-1---cpu-method-int64--t-30-20260922_194432,9.931650792821115,null
taskset--c-0-stress-ng---cpu-1---cpu-method-int64--t-30-20260922_194823.csv,9.909910646479492,0.017055111358105335
residual-stress-ng---cpu-1---cpu-method-int64--t-30-20260922_194824,9.909910646479492,null
taskset--c-0-stress-ng---cpu-1---cpu-method-int64--t-30-20260922_195215.csv,9.91754737146786,0.006972664232187842
residual-stress-ng---cpu-1---cpu-method-int64--t-30-20260922_195215,9.91754737146786,null
taskset--c-0-stress-ng---cpu-1---cpu-method-double--t-30-20260922_195606.csv,10.689970212142473,0.0069311786753194354
residual-stress-ng---cpu-1---cpu-method-double--t-30-20260922_195607,10.689970212142473,null
taskset--c-0-stress-ng---cpu-1---cpu-method-double--t-30-20260922_195958.csv,10.69587556713444,0.009778038037823403
residual-stress-ng---cpu-1---cpu-method-double--t-30-20260922_195958,10.69587556713444,null
taskset--c-0-stress-ng---cpu-1---cpu-method-double--t-30-20260922_200349.csv,10.728819787197022,0.010660556260313203
residual-stress-ng---cpu-1---cpu-method-double--t-30-20260922_200350,10.728819787197022,null
taskset--c-0-stress-ng---cpu-1---cpu-method-double--t-30-20260922_200741.csv,10.7060306880499,0.009519822356669419
residual-stress-ng---cpu-1---cpu-method-double--t-30-20260922_200741,10.7060306880499,null
taskset--c-0-stress-ng---cpu-1---cpu-method-double--t-30-20260922_201132.csv,10.677150028620137,0.010628686077466611
residual-stress-ng---cpu-1---cpu-method-double--t-30-20260922_201133,10.677150028620137,null
taskset--c-0-stress-ng---cpu-1---cpu-method-double--t-30-20260922_201524.csv,10.717835770276213,0.00844385620272936
residual-stress-ng---cpu-1---cpu-method-double--t-30-20260922_201524,10.717835770276213,null
taskset--c-0-stress-ng---cpu-1---cpu-method-double--t-30-20260922_201916.csv,10.663914892219552,0.01267014082005339
residual-stress-ng---cpu-1---cpu-method-double--t-30-20260922_201916,10.663914892219552,null
taskset--c-0-stress-ng---cpu-1---cpu-method-double--t-30-20260922_202307.csv,10.692196597801434,0.01194608930663175
residual-stress-ng---cpu-1---cpu-method-double--t-30-20260922_202307,10.692196597801434,null
taskset--c-0-stress-ng---cpu-1---cpu-method-double--t-30-20260922_202659.csv,10.735989169305725,0.008045793091371201
residual-stress-ng---cpu-1---cpu-method-double--t-30-20260922_202659,10.735989169305725,null
taskset--c-0-stress-ng---cpu-1---cpu-method-double--t-30-20260922_203050.csv,10.684740598534171,0.012662388564432766
residual-stress-ng---cpu-1---cpu-method-double--t-30-20260922_203051,10.684740598534171,null
taskset--c-0-stress-ng---cpu-1---cpu-method-int64float--t-30-20260922_203442.csv,10.76343163172226,0.011838013493446473
residual-stress-ng---cpu-1---cpu-method-int64float--t-30-20260922_203442,10.76343163172226,null
taskset--c-0-stress-ng---cpu-1---cpu-method-int64float--t-30-20260922_203833.csv,10.729221133379149,0.024381440327363137
residual-stress-ng---cpu-1---cpu-method-int64float--t-30-20260922_203834,10.729221133379149,null
taskset--c-0-stress-ng---cpu-1---cpu-method-int64float--t-30-20260922_204225.csv,10.704711119339922,0.008712118662942945
residual-stress-ng---cpu-1---cpu-method-int64float--t-30-20260922_204225,10.704711119339922,null
taskset--c-0-stress-ng---cpu-1---cpu-method-int64float--t-30-20260922_204616.csv,10.737037336447214,0.012810882925536575
residual-stress-ng---cpu-1---cpu-method-int64float--t-30-20260922_204617,10.737037336447214,null
taskset--c-0-stress-ng---cpu-1---cpu-method-int64float--t-30-20260922_205008.csv,10.71826187686287,0.00945232924437796
residual-stress-ng---cpu-1---cpu-method-int64float--t-30-20260922_205008,10.71826187686287,null
taskset--c-0-stress-ng---cpu-1---cpu-method-int64float--t-30-20260922_205359.csv,10.703401887393527,0.014682409366977055
residual-stress-ng---cpu-1---cpu-method-int64float--t-30-20260922_205400,10.703401887393527,null
taskset--c-0-stress-ng---cpu-1---cpu-method-int64float--t-30-20260922_205751.csv,10.715580270148372,0.008097147759377657
residual-stress-ng---cpu-1---cpu-method-int64float--t-30-20260922_205751,10.715580270148372,null
taskset--c-0-stress-ng---cpu-1---cpu-method-int64float--t-30-20260922_210142.csv,10.697663962766221,0.013642775169015848
residual-stress-ng---cpu-1---cpu-method-int64float--t-30-20260922_210143,10.697663962766221,null
taskset--c-0-stress-ng---cpu-1---cpu-method-int64float--t-30-20260922_210534.csv,10.735887057364293,0.010788542874558243
residual-stress-ng---cpu-1---cpu-method-int64float--t-30-20260922_210534,10.735887057364293,null
taskset--c-0-stress-ng---cpu-1---cpu-method-int64float--t-30-20260922_210925.csv,10.756711957728022,0.014671007808938354
residual-stress-ng---cpu-1---cpu-method-int64float--t-30-20260922_210926,10.756711957728022,null
taskset--c-0-stress-ng---cpu-1---cpu-method-int64double--t-30-20260922_211317.csv,10.453637746785912,0.016270963346635012
residual-stress-ng---cpu-1---cpu-method-int64double--t-30-20260922_211317,10.453637746785912,null
taskset--c-0-stress-ng---cpu-1---cpu-method-int64double--t-30-20260922_211708.csv,10.500441111514567,0.009710950682439129
residual-stress-ng---cpu-1---cpu-method-int64double--t-30-20260922_211709,10.500441111514567,null
taskset--c-0-stress-ng---cpu-1---cpu-method-int64double--t-30-20260922_212100.csv,10.587390016111817,0.011099306407622304
residual-stress-ng---cpu-1---cpu-method-int64double--t-30-20260922_212100,10.587390016111817,null
taskset--c-0-stress-ng---cpu-1---cpu-method-int64double--t-30-20260922_212451.csv,10.555796731503296,0.008971315336454195
residual-stress-ng---cpu-1---cpu-method-int64double--t-30-20260922_212452,10.555796731503296,null
taskset--c-0-stress-ng---cpu-1---cpu-method-int64double--t-30-20260922_212843.csv,10.602920711357072,0.024109094074083463
residual-stress-ng---cpu-1---cpu-method-int64double--t-30-20260922_212843,10.602920711357072,null
taskset--c-0-stress-ng---cpu-1---cpu-method-int64double--t-30-20260922_213235.csv,10.642152283940117,0.0214470364195871
residual-stress-ng---cpu-1---cpu-method-int64double--t-30-20260922_213235,10.642152283940117,null
taskset--c-0-stress-ng---cpu-1---cpu-method-int64double--t-30-20260922_213626.csv,10.580994959044816,0.012906044046704987
residual-stress-ng---cpu-1---cpu-method-int64double--t-30-20260922_213626,10.580994959044816,null
taskset--c-0-stress-ng---cpu-1---cpu-method-int64double--t-30-20260922_214018.csv,10.55104313929763,0.02433027421415329
residual-stress-ng---cpu-1---cpu-method-int64double--t-30-20260922_214018,10.55104313929763,null
taskset--c-0-stress-ng---cpu-1---cpu-method-int64double--t-30-20260922_214409.csv,10.583130694083078,0.018951245980859708
residual-stress-ng---cpu-1---cpu-method-int64double--t-30-20260922_214409,10.583130694083078,null
taskset--c-0-stress-ng---cpu-1---cpu-method-int64double--t-30-20260922_214801.csv,10.501571639224448,0.023184046608814166
residual-stress-ng---cpu-1---cpu-method-int64double--t-30-20260922_214801,10.501571639224448,null
taskset--c-0-stress-ng---matrix-1---matrix-method-prod--t-30-20260922_215152.csv,11.099364715088914,0.013451921644180815
residual-stress-ng---matrix-1---matrix-method-prod--t-30-20260922_215153,11.099364715088914,null
taskset--c-0-stress-ng---matrix-1---matrix-method-prod--t-30-20260922_215544.csv,11.230006356805452,0.029052922954602146
residual-stress-ng---matrix-1---matrix-method-prod--t-30-20260922_215544,11.230006356805452,null
taskset--c-0-stress-ng---matrix-1---matrix-method-prod--t-30-20260922_215935.csv,11.079182914686404,0.009462757437497965
residual-stress-ng---matrix-1---matrix-method-prod--t-30-20260922_215936,11.079182914686404,null
taskset--c-0-stress-ng---matrix-1---matrix-method-prod--t-30-20260922_220327.csv,11.08988175327534,0.011723666648710744
residual-stress-ng---matrix-1---matrix-method-prod--t-30-20260922_220327,11.08988175327534,null
taskset--c-0-stress-ng---matrix-1---matrix-method-prod--t-30-20260922_220718.csv,11.09490297498492,0.01587857553003199
residual-stress-ng---matrix-1---matrix-method-prod--t-30-20260922_220719,11.09490297498492,null
taskset--c-0-stress-ng---matrix-1---matrix-method-prod--t-30-20260922_221110.csv,11.094223091853845,0.015705580672687444
residual-stress-ng---matrix-1---matrix-method-prod--t-30-20260922_221110,11.094223091853845,null
taskset--c-0-stress-ng---matrix-1---matrix-method-prod--t-30-20260922_221501.csv,11.090792583718132,0.009133016360440692
residual-stress-ng---matrix-1---matrix-method-prod--t-30-20260922_221502,11.090792583718132,null
taskset--c-0-stress-ng---matrix-1---matrix-method-prod--t-30-20260922_221853.csv,11.107436397827929,0.010523320695938481
residual-stress-ng---matrix-1---matrix-method-prod--t-30-20260922_221853,11.107436397827929,null
taskset--c-0-stress-ng---matrix-1---matrix-method-prod--t-30-20260922_222244.csv,11.077723693795729,0.013355936486907286
residual-stress-ng---matrix-1---matrix-method-prod--t-30-20260922_222245,11.077723693795729,null
taskset--c-0-stress-ng---matrix-1---matrix-method-prod--t-30-20260922_222636.csv,11.147609060421265,0.015697569313169797
residual-stress-ng---matrix-1---matrix-method-prod--t-30-20260922_222636,11.147609060421265,null
taskset--c-0-stress-ng---cpu-1---cpu-method-rand--t-30-20260922_223027.csv,9.589975312960858,0.020908513160584383
residual-stress-ng---cpu-1---cpu-method-rand--t-30-20260922_223028,9.589975312960858,null
taskset--c-0-stress-ng---cpu-1---cpu-method-rand--t-30-20260922_223419.csv,9.571287948899206,0.018041032937014388
residual-stress-ng---cpu-1---cpu-method-rand--t-30-20260922_223419,9.571287948899206,null
taskset--c-0-stress-ng---cpu-1---cpu-method-rand--t-30-20260922_223811.csv,9.603745259095158,0.012327721565069324
residual-stress-ng---cpu-1---cpu-method-rand--t-30-20260922_223811,9.603745259095158,null
taskset--c-0-stress-ng---cpu-1---cpu-method-rand--t-30-20260922_224202.csv,9.554635147700868,0.012173345941259796
residual-stress-ng---cpu-1---cpu-method-rand--t-30-20260922_224202,9.554635147700868,null
taskset--c-0-stress-ng---cpu-1---cpu-method-rand--t-30-20260922_224554.csv,9.642443039322341,0.025228591957800493
residual-stress-ng---cpu-1---cpu-method-rand--t-30-20260922_224554,9.642443039322341,null
taskset--c-0-stress-ng---cpu-1---cpu-method-rand--t-30-20260922_224945.csv,9.556638499192744,0.009607012407598597
residual-stress-ng---cpu-1---cpu-method-rand--t-30-20260922_224946,9.556638499192744,null
taskset--c-0-stress-ng---cpu-1---cpu-method-rand--t-30-20260922_225337.csv,9.564828441783444,0.011818518709758157
residual-stress-ng---cpu-1---cpu-method-rand--t-30-20260922_225337,9.564828441783444,null
taskset--c-0-stress-ng---cpu-1---cpu-method-rand--t-30-20260922_225728.csv,9.560441303364843,0.007421855884701975
residual-stress-ng---cpu-1---cpu-method-rand--t-30-20260922_225729,9.560441303364843,null
taskset--c-0-stress-ng---cpu-1---cpu-method-rand--t-30-20260922_230120.csv,9.552278139165818,0.00938185480198397
residual-stress-ng---cpu-1---cpu-method-rand--t-30-20260922_230120,9.552278139165818,null
taskset--c-0-stress-ng---cpu-1---cpu-method-rand--t-30-20260922_230511.csv,9.566033608346379,0.006282859520833897
residual-stress-ng---cpu-1---cpu-method-rand--t-30-20260922_230512,9.566033608346379,null
taskset--c-0-stress-ng---cpu-1---cpu-method-jmp--t-30-20260922_230903.csv,10.165583890658835,0.01940075894144867
residual-stress-ng---cpu-1---cpu-method-jmp--t-30-20260922_230903,10.165583890658835,null
taskset--c-0-stress-ng---cpu-1---cpu-method-jmp--t-30-20260922_231254.csv,10.161256858246512,0.024261298147108284
residual-stress-ng---cpu-1---cpu-method-jmp--t-30-20260922_231255,10.161256858246512,null
taskset--c-0-stress-ng---cpu-1---cpu-method-jmp--t-30-20260922_231646.csv,10.041009133303843,0.018904529639445486
residual-stress-ng---cpu-1---cpu-method-jmp--t-30-20260922_231646,10.041009133303843,null
taskset--c-0-stress-ng---cpu-1---cpu-method-jmp--t-30-20260922_232038.csv,10.162264254738279,0.021984868044126877
residual-stress-ng---cpu-1---cpu-method-jmp--t-30-20260922_232038,10.162264254738279,null
taskset--c-0-stress-ng---cpu-1---cpu-method-jmp--t-30-20260922_232429.csv,10.129271274400434,0.018884946741502436
residual-stress-ng---cpu-1---cpu-method-jmp--t-30-20260922_232429,10.129271274400434,null
taskset--c-0-stress-ng---cpu-1---cpu-method-jmp--t-30-20260922_232821.csv,10.18050852864838,0.030261156977610705
residual-stress-ng---cpu-1---cpu-method-jmp--t-30-20260922_232821,10.18050852864838,null
taskset--c-0-stress-ng---cpu-1---cpu-method-jmp--t-30-20260922_233213.csv,10.104244009483498,0.02138361783548837
residual-stress-ng---cpu-1---cpu-method-jmp--t-30-20260922_233213,10.104244009483498,null
taskset--c-0-stress-ng---cpu-1---cpu-method-jmp--t-30-20260922_233604.csv,10.122779737980446,0.021512391496681632
residual-stress-ng---cpu-1---cpu-method-jmp--t-30-20260922_233605,10.122779737980446,null
taskset--c-0-stress-ng---cpu-1---cpu-method-jmp--t-30-20260922_233956.csv,10.140291177678268,0.020899284099011414
residual-stress-ng---cpu-1---cpu-method-jmp--t-30-20260922_233956,10.140291177678268,null
taskset--c-0-stress-ng---cpu-1---cpu-method-jmp--t-30-20260922_234347.csv,10.244430434854726,0.030960683354863072
residual-stress-ng---cpu-1---cpu-method-jmp--t-30-20260922_234348,10.244430434854726,null
