,Stress-ng,Média,Variância,método,cpu,tempo,data
0,taskset--c-0-stress-ng---cpu-1---cpu-method-ackermann--t-30-20260922_164307.csv,10.628250949111385,0.0403590365833658,ackermann,c-0-stress-ng,30,20260922_164307.csv
2,taskset--c-0-stress-ng---cpu-1---cpu-method-ackermann--t-30-20260922_164659.csv,10.617942149164934,0.0292880623412958,ackermann,c-0-stress-ng,30,20260922_164659.csv
4,taskset--c-0-stress-ng---cpu-1---cpu-method-ackermann--t-30-20260922_165050.csv,10.513794752235023,0.0190418187974518,ackermann,c-0-stress-ng,30,20260922_165050.csv
6,taskset--c-0-stress-ng---cpu-1---cpu-method-ackermann--t-30-20260922_165442.csv,10.566973283014931,0.0283532794397832,ackermann,c-0-stress-ng,30,20260922_165442.csv
8,taskset--c-0-stress-ng---cpu-1---cpu-method-ackermann--t-30-20260922_165833.csv,10.542183703150863,0.0241256782259294,ackermann,c-0-stress-ng,30,20260922_165833.csv
10,taskset--c-0-stress-ng---cpu-1---cpu-method-ackermann--t-30-20260922_170225.csv,10.679369444808062,0.0226305156659179,ackermann,c-0-stress-ng,30,20260922_170225.csv
12,taskset--c-0-stress-ng---cpu-1---cpu-method-ackermann--t-30-20260922_170617.csv,10.493441896962116,0.022001708676726,ackermann,c-0-stress-ng,30,20260922_170617.csv
14,taskset--c-0-stress-ng---cpu-1---cpu-method-ackermann--t-30-20260922_171009.csv,10.516890468527606,0.0293469180316257,ackermann,c-0-stress-ng,30,20260922_171009.csv
16,taskset--c-0-stress-ng---cpu-1---cpu-method-ackermann--t-30-20260922_171400.csv,10.53085767845475,0.0161502217069678,ackermann,c-0-stress-ng,30,20260922_171400.csv
18,taskset--c-0-stress-ng---cpu-1---cpu-method-ackermann--t-30-20260922_171752.csv,10.571284463619389,0.0163681428159151,ackermann,c-0-stress-ng,30,20260922_171752.csv
20,taskset--c-0-stress-ng---cpu-1---cpu-method-queens--t-30-20260922_172144.csv,10.683377406361917,0.0086335439492594,queens,c-0-stress-ng,30,20260922_172144.csv
22,taskset--c-0-stress-ng---cpu-1---cpu-method-queens--t-30-20260922_172535.csv,10.665491151637609,0.0096262304156419,queens,c-0-stress-ng,30,20260922_172535.csv
24,taskset--c-0-stress-ng---cpu-1---cpu-method-queens--t-30-20260922_172927.csv,10.683215490880697,0.0111510994864124,queens,c-0-stress-ng,30,20260922_172927.csv
26,taskset--c-0-stress-ng---cpu-1---cpu-method-queens--t-30-20260922_173318.csv,10.693654339155902,0.0068238668651866,queens,c-0-stress-ng,30,20260922_173318.csv
28,taskset--c-0-stress-ng---cpu-1---cpu-method-queens--t-30-20260922_173710.csv,10.692280708980924,0.0064013077717633,queens,c-0-stress-ng,30,20260922_173710.csv
30,taskset--c-0-stress-ng---cpu-1---cpu-method-queens--t-30-20260922_174102.csv,10.706091885483294,0.022541335494231,queens,c-0-stress-ng,30,20260922_174102.csv
32,taskset--c-0-stress-ng---cpu-1---cpu-method-queens--t-30-20260922_174453.csv,10.715199675302944,0.0070923582000338,queens,c-0-stress-ng,30,20260922_174453.csv
34,taskset--c-0-stress-ng---cpu-1---cpu-method-queens--t-30-20260922_174845.csv,10.71765799482227,0.0072083506036942,queens,c-0-stress-ng,30,20260922_174845.csv
36,taskset--c-0-stress-ng---cpu-1---cpu-method-queens--t-30-20260922_175236.csv,10.760782023802545,0.0206362354287862,queens,c-0-stress-ng,30,20260922_175236.csv
38,taskset--c-0-stress-ng---cpu-1---cpu-method-queens--t-30-20260922_175628.csv,10.747406684910963,0.0138739669178103,queens,c-0-stress-ng,30,20260922_175628.csv
40,taskset--c-0-stress-ng---cpu-1---cpu-method-fibonacci--t-30-20260922_180020.csv,9.799707902647134,0.0316021512167859,fibonacci,c-0-stress-ng,30,20260922_180020.csv
42,taskset--c-0-stress-ng---cpu-1---cpu-method-fibonacci--t-30-20260922_180411.csv,9.624822761202523,0.0140170867440403,fibonacci,c-0-stress-ng,30,20260922_180411.csv
44,taskset--c-0-stress-ng---cpu-1---cpu-method-fibonacci--t-30-20260922_180803.csv,9.700430607796395,0.0136645336331256,fibonacci,c-0-stress-ng,30,20260922_180803.csv
46,taskset--c-0-stress-ng---cpu-1---cpu-method-fibonacci--t-30-20260922_181155.csv,9.809326920468164,0.0295001071655729,fibonacci,c-0-stress-ng,30,20260922_181155.csv
48,taskset--c-0-stress-ng---cpu-1---cpu-method-fibonacci--t-30-20260922_181546.csv,9.709442101551948,0.0162291894677349,fibonacci,c-0-stress-ng,30,20260922_181546.csv
50,taskset--c-0-stress-ng---cpu-1---cpu-method-fibonacci--t-30-20260922_181938.csv,9.679854766339396,0.0268773289445364,fibonacci,c-0-stress-ng,30,20260922_181938.csv
52,taskset--c-0-stress-ng---cpu-1---cpu-method-fibonacci--t-30-20260922_182329.csv,9.698198404631496,0.0201257583414534,fibonacci,c-0-stress-ng,30,20260922_182329.csv
54,taskset--c-0-stress-ng---cpu-1---cpu-method-fibonacci--t-30-20260922_182721.csv,9.825526504509863,0.0182468589567389,fibonacci,c-0-stress-ng,30,20260922_182721.csv
56,taskset--c-0-stress-ng---cpu-1---cpu-method-fibonacci--t-30-20260922_183112.csv,9.706543686820549,0.0080178351308281,fibonacci,c-0-stress-ng,30,20260922_183112.csv
58,taskset--c-0-stress-ng---cpu-1---cpu-method-fibonacci--t-30-20260922_183504.csv,9.701680339623405,0.0151630445849169,fibonacci,c-0-stress-ng,30,20260922_183504.csv
60,taskset--c-0-stress-ng---cpu-1---cpu-method-float--t-30-20260922_183855.csv,10.307164882694606,0.0097004778871153,float,c-0-stress-ng,30,20260922_183855.csv
62,taskset--c-0-stress-ng---cpu-1---cpu-method-float--t-30-20260922_184247.csv,10.288910912832565,0.0077226943268547,float,c-0-stress-ng,30,20260922_184247.csv
64,taskset--c-0-stress-ng---cpu-1---cpu-method-float--t-30-20260922_184638.csv,10.326878705347964,0.0183052114684605,float,c-0-stress-ng,30,20260922_184638.csv
66,taskset--c-0-stress-ng---cpu-1---cpu-method-float--t-30-20260922_185030.csv,10.309308196030468,0.0081219259605703,float,c-0-stress-ng,30,20260922_185030.csv
68,taskset--c-0-stress-ng---cpu-1---cpu-method-float--t-30-20260922_185421.csv,10.290881398639092,0.0137054186160886,float,c-0-stress-ng,30,20260922_185421.csv
70,taskset--c-0-stress-ng---cpu-1---cpu-method-float--t-30-20260922_185813.csv,10.316815971403331,0.0061641056881311,float,c-0-stress-ng,30,20260922_185813.csv
72,taskset--c-0-stress-ng---cpu-1---cpu-method-float--t-30-20260922_190204.csv,10.314839930810182,0.0192177952810387,float,c-0-stress-ng,30,20260922_190204.csv
74,taskset--c-0-stress-ng---cpu-1---cpu-method-float--t-30-20260922_190556.csv,10.308345348436324,0.0085433529246493,float,c-0-stress-ng,30,20260922_190556.csv
76,taskset--c-0-stress-ng---cpu-1---cpu-method-float--t-30-20260922_190947.csv,10.314184557726406,0.011099541507736,float,c-0-stress-ng,30,20260922_190947.csv
78,taskset--c-0-stress-ng---cpu-1---cpu-method-float--t-30-20260922_191339.csv,10.30607579881567,0.0175811134840144,float,c-0-stress-ng,30,20260922_191339.csv
80,taskset--c-0-stress-ng---cpu-1---cpu-method-int64--t-30-20260922_191731.csv,9.932092295913533,0.0143474138113616,int64,c-0-stress-ng,30,20260922_191731.csv
82,taskset--c-0-stress-ng---cpu-1---cpu-method-int64--t-30-20260922_192122.csv,9.925360026298058,0.0099320894127413,int64,c-0-stress-ng,30,20260922_192122.csv
84,taskset--c-0-stress-ng---cpu-1---cpu-method-int64--t-30-20260922_192514.csv,9.916974359504549,0.0065412147484012,int64,c-0-stress-ng,30,20260922_192514.csv
86,taskset--c-0-stress-ng---cpu-1---cpu-method-int64--t-30-20260922_192905.csv,9.926766307669888,0.0094518177188358,int64,c-0-stress-ng,30,20260922_192905.csv
88,taskset--c-0-stress-ng---cpu-1---cpu-method-int64--t-30-20260922_193257.csv,9.909288067643017,0.012560718762508,int64,c-0-stress-ng,30,20260922_193257.csv
90,taskset--c-0-stress-ng---cpu-1---cpu-method-int64--t-30-20260922_193648.csv,9.917282592872764,0.0061975984930261,int64,c-0-stress-ng,30,20260922_193648.csv
92,taskset--c-0-stress-ng---cpu-1---cpu-method-int64--t-30-20260922_194040.csv,9.984057245741855,0.0173298008175794,int64,c-0-stress-ng,30,20260922_194040.csv
94,taskset--c-0-stress-ng---cpu-1---cpu-method-int64--t-30-20260922_194432.csv,9.931650792821117,0.0234776657268581,int64,c-0-stress-ng,30,20260922_194432.csv
96,taskset--c-0-stress-ng---cpu-1---cpu-method-int64--t-30-20260922_194823.csv,9.909910646479492,0.0170551113581053,int64,c-0-stress-ng,30,20260922_194823.csv
98,taskset--c-0-stress-ng---cpu-1---cpu-method-int64--t-30-20260922_195215.csv,9.91754737146786,0.0069726642321878,int64,c-0-stress-ng,30,20260922_195215.csv
100,taskset--c-0-stress-ng---cpu-1---cpu-method-double--t-30-20260922_195606.csv,10.689970212142471,0.0069311786753194,double,c-0-stress-ng,30,20260922_195606.csv
102,taskset--c-0-stress-ng---cpu-1---cpu-method-double--t-30-20260922_195958.csv,10.69587556713444,0.0097780380378234,double,c-0-stress-ng,30,20260922_195958.csv
104,taskset--c-0-stress-ng---cpu-1---cpu-method-double--t-30-20260922_200349.csv,10.728819787197022,0.0106605562603132,double,c-0-stress-ng,30,20260922_200349.csv
106,taskset--c-0-stress-ng---cpu-1---cpu-method-double--t-30-20260922_200741.csv,10.7060306880499,0.0095198223566694,double,c-0-stress-ng,30,20260922_200741.csv
108,taskset--c-0-stress-ng---cpu-1---cpu-method-double--t-30-20260922_201132.csv,10.677150028620137,0.0106286860774666,double,c-0-stress-ng,30,20260922_201132.csv
110,taskset--c-0-stress-ng---cpu-1---cpu-method-double--t-30-20260922_201524.csv,10.717835770276212,0.0084438562027293,double,c-0-stress-ng,30,20260922_201524.csv
112,taskset--c-0-stress-ng---cpu-1---cpu-method-double--t-30-20260922_201916.csv,10.663914892219552,0.0126701408200533,double,c-0-stress-ng,30,20260922_201916.csv
114,taskset--c-0-stress-ng---cpu-1---cpu-method-double--t-30-20260922_202307.csv,10.692196597801434,0.0119460893066317,double,c-0-stress-ng,30,20260922_202307.csv
116,taskset--c-0-stress-ng---cpu-1---cpu-method-double--t-30-20260922_202659.csv,10.735989169305723,0.0080457930913712,double,c-0-stress-ng,30,20260922_202659.csv
118,taskset--c-0-stress-ng---cpu-1---cpu-method-double--t-30-20260922_203050.csv,10.684740598534171,0.0126623885644327,double,c-0-stress-ng,30,20260922_203050.csv
120,taskset--c-0-stress-ng---cpu-1---cpu-method-int64float--t-30-20260922_203442.csv,10.76343163172226,0.0118380134934464,int64float,c-0-stress-ng,30,20260922_203442.csv
122,taskset--c-0-stress-ng---cpu-1---cpu-method-int64float--t-30-20260922_203833.csv,10.729221133379149,0.0243814403273631,int64float,c-0-stress-ng,30,20260922_203833.csv
124,taskset--c-0-stress-ng---cpu-1---cpu-method-int64float--t-30-20260922_204225.csv,10.704711119339922,0.0087121186629429,int64float,c-0-stress-ng,30,20260922_204225.csv
126,taskset--c-0-stress-ng---cpu-1---cpu-method-int64float--t-30-20260922_204616.csv,10.737037336447214,0.0128108829255365,int64float,c-0-stress-ng,30,20260922_204616.csv
128,taskset--c-0-stress-ng---cpu-1---cpu-method-int64float--t-30-20260922_205008.csv,10.71826187686287,0.0094523292443779,int64float,c-0-stress-ng,30,20260922_205008.csv
130,taskset--c-0-stress-ng---cpu-1---cpu-method-int64float--t-30-20260922_205359.csv,10.703401887393529,0.014682409366977,int64float,c-0-stress-ng,30,20260922_205359.csv
132,taskset--c-0-stress-ng---cpu-1---cpu-method-int64float--t-30-20260922_205751.csv,10.715580270148372,0.0080971477593776,int64float,c-0-stress-ng,30,20260922_205751.csv
134,taskset--c-0-stress-ng---cpu-1---cpu-method-int64float--t-30-20260922_210142.csv,10.69766396276622,0.0136427751690158,int64float,c-0-stress-ng,30,20260922_210142.csv
136,taskset--c-0-stress-ng---cpu-1---cpu-method-int64float--t-30-20260922_210534.csv,10.735887057364293,0.0107885428745582,int64float,c-0-stress-ng,30,20260922_210534.csv
138,taskset--c-0-stress-ng---cpu-1---cpu-method-int64float--t-30-20260922_210925.csv,10.756711957728022,0.0146710078089383,int64float,c-0-stress-ng,30,20260922_210925.csv
140,taskset--c-0-stress-ng---cpu-1---cpu-method-int64double--t-30-20260922_211317.csv,10.453637746785912,0.016270963346635,int64double,c-0-stress-ng,30,20260922_211317.csv
142,taskset--c-0-stress-ng---cpu-1---cpu-method-int64double--t-30-20260922_211708.csv,10.500441111514569,0.0097109506824391,int64double,c-0-stress-ng,30,20260922_211708.csv
144,taskset--c-0-stress-ng---cpu-1---cpu-method-int64double--t-30-20260922_212100.csv,10.587390016111817,0.0110993064076223,int64double,c-0-stress-ng,30,20260922_212100.csv
146,taskset--c-0-stress-ng---cpu-1---cpu-method-int64double--t-30-20260922_212451.csv,10.555796731503296,0.0089713153364541,int64double,c-0-stress-ng,30,20260922_212451.csv
148,taskset--c-0-stress-ng---cpu-1---cpu-method-int64double--t-30-20260922_212843.csv,10.602920711357072,0.0241090940740834,int64double,c-0-stress-ng,30,20260922_212843.csv
150,taskset--c-0-stress-ng---cpu-1---cpu-method-int64double--t-30-20260922_213235.csv,10.642152283940115,0.0214470364195871,int64double,c-0-stress-ng,30,20260922_213235.csv
152,taskset--c-0-stress-ng---cpu-1---cpu-method-int64double--t-30-20260922_213626.csv,10.580994959044816,0.0129060440467049,int64double,c-0-stress-ng,30,20260922_213626.csv
154,taskset--c-0-stress-ng---cpu-1---cpu-method-int64double--t-30-20260922_214018.csv,10.55104313929763,0.0243302742141532,int64double,c-0-stress-ng,30,20260922_214018.csv
156,taskset--c-0-stress-ng---cpu-1---cpu-method-int64double--t-30-20260922_214409.csv,10.583130694083078,0.0189512459808597,int64double,c-0-stress-ng,30,20260922_214409.csv
158,taskset--c-0-stress-ng---cpu-1---cpu-method-int64double--t-30-20260922_214801.csv,10.501571639224448,0.0231840466088141,int64double,c-0-stress-ng,30,20260922_214801.csv
160,taskset--c-0-stress-ng---matrix-1---matrix-method-prod--t-30-20260922_215152.csv,11.099364715088914,0.0134519216441808,prod,c-0-stress-ng,30,20260922_215152.csv
162,taskset--c-0-stress-ng---matrix-1---matrix-method-prod--t-30-20260922_215544.csv,11.230006356805452,0.0290529229546021,prod,c-0-stress-ng,30,20260922_215544.csv
164,taskset--c-0-stress-ng---matrix-1---matrix-method-prod--t-30-20260922_215935.csv,11.079182914686404,0.0094627574374979,prod,c-0-stress-ng,30,20260922_215935.csv
166,taskset--c-0-stress-ng---matrix-1---matrix-method-prod--t-30-20260922_220327.csv,11.08988175327534,0.0117236666487107,prod,c-0-stress-ng,30,20260922_220327.csv
168,taskset--c-0-stress-ng---matrix-1---matrix-method-prod--t-30-20260922_220718.csv,11.09490297498492,0.0158785755300319,prod,c-0-stress-ng,30,20260922_220718.csv
170,taskset--c-0-stress-ng---matrix-1---matrix-method-prod--t-30-20260922_221110.csv,11.094223091853843,0.0157055806726874,prod,c-0-stress-ng,30,20260922_221110.csv
172,taskset--c-0-stress-ng---matrix-1---matrix-method-prod--t-30-20260922_221501.csv,11.090792583718132,0.0091330163604406,prod,c-0-stress-ng,30,20260922_221501.csv
174,taskset--c-0-stress-ng---matrix-1---matrix-method-prod--t-30-20260922_221853.csv,11.107436397827929,0.0105233206959384,prod,c-0-stress-ng,30,20260922_221853.csv
176,taskset--c-0-stress-ng---matrix-1---matrix-method-prod--t-30-20260922_222244.csv,11.077723693795727,0.0133559364869072,prod,c-0-stress-ng,30,20260922_222244.csv
178,taskset--c-0-stress-ng---matrix-1---matrix-method-prod--t-30-20260922_222636.csv,11.147609060421264,0.0156975693131697,prod,c-0-stress-ng,30,20260922_222636.csv
180,taskset--c-0-stress-ng---cpu-1---cpu-method-rand--t-30-20260922_223027.csv,9.589975312960858,0.0209085131605843,rand,c-0-stress-ng,30,20260922_223027.csv
182,taskset--c-0-stress-ng---cpu-1---cpu-method-rand--t-30-20260922_223419.csv,9.571287948899206,0.0180410329370143,rand,c-0-stress-ng,30,20260922_223419.csv
184,taskset--c-0-stress-ng---cpu-1---cpu-method-rand--t-30-20260922_223811.csv,9.603745259095158,0.0123277215650693,rand,c-0-stress-ng,30,20260922_223811.csv
186,taskset--c-0-stress-ng---cpu-1---cpu-method-rand--t-30-20260922_224202.csv,9.554635147700868,0.0121733459412597,rand,c-0-stress-ng,30,20260922_224202.csv
188,taskset--c-0-stress-ng---cpu-1---cpu-method-rand--t-30-20260922_224554.csv,9.64244303932234,0.0252285919578004,rand,c-0-stress-ng,30,20260922_224554.csv
190,taskset--c-0-stress-ng---cpu-1---cpu-method-rand--t-30-20260922_224945.csv,9.556638499192744,0.0096070124075985,rand,c-0-stress-ng,30,20260922_224945.csv
192,taskset--c-0-stress-ng---cpu-1---cpu-method-rand--t-30-20260922_225337.csv,9.564828441783444,0.0118185187097581,rand,c-0-stress-ng,30,20260922_225337.csv
194,taskset--c-0-stress-ng---cpu-1---cpu-method-rand--t-30-20260922_225728.csv,9.560441303364843,0.0074218558847019,rand,c-0-stress-ng,30,20260922_225728.csv
196,taskset--c-0-stress-ng---cpu-1---cpu-method-rand--t-30-20260922_230120.csv,9.552278139165818,0.0093818548019839,rand,c-0-stress-ng,30,20260922_230120.csv
198,taskset--c-0-stress-ng---cpu-1---cpu-method-rand--t-30-20260922_230511.csv,9.56603360834638,0.0062828595208338,rand,c-0-stress-ng,30,20260922_230511.csv
200,taskset--c-0-stress-ng---cpu-1---cpu-method-jmp--t-30-20260922_230903.csv,10.165583890658835,0.0194007589414486,jmp,c-0-stress-ng,30,20260922_230903.csv
202,taskset--c-0-stress-ng---cpu-1---cpu-method-jmp--t-30-20260922_231254.csv,10.161256858246512,0.0242612981471082,jmp,c-0-stress-ng,30,20260922_231254.csv
204,taskset--c-0-stress-ng---cpu-1---cpu-method-jmp--t-30-20260922_231646.csv,10.041009133303843,0.0189045296394454,jmp,c-0-stress-ng,30,20260922_231646.csv
206,taskset--c-0-stress-ng---cpu-1---cpu-method-jmp--t-30-20260922_232038.csv,10.16226425473828,0.0219848680441268,jmp,c-0-stress-ng,30,20260922_232038.csv
208,taskset--c-0-stress-ng---cpu-1---cpu-method-jmp--t-30-20260922_232429.csv,10.129271274400434,0.0188849467415024,jmp,c-0-stress-ng,30,20260922_232429.csv
210,taskset--c-0-stress-ng---cpu-1---cpu-method-jmp--t-30-20260922_232821.csv,10.18050852864838,0.0302611569776107,jmp,c-0-stress-ng,30,20260922_232821.csv
212,taskset--c-0-stress-ng---cpu-1---cpu-method-jmp--t-30-20260922_233213.csv,10.104244009483498,0.0213836178354883,jmp,c-0-stress-ng,30,20260922_233213.csv
214,taskset--c-0-stress-ng---cpu-1---cpu-method-jmp--t-30-20260922_233604.csv,10.122779737980446,0.0215123914966816,jmp,c-0-stress-ng,30,20260922_233604.csv
216,taskset--c-0-stress-ng---cpu-1---cpu-method-jmp--t-30-20260922_233956.csv,10.140291177678268,0.0208992840990114,jmp,c-0-stress-ng,30,20260922_233956.csv
218,taskset--c-0-stress-ng---cpu-1---cpu-method-jmp--t-30-20260922_234347.csv,10.244430434854726,0.030960683354863,jmp,c-0-stress-ng,30,20260922_234347.csv
